sample_index,state,strehl_ratio,peak_intensity,ideal_peak_intensity,phase_rmse_rad
0,before,0.38548041778480535,4926504.5,12780168.0,1.4895875453948975
0,baseline_compensated,0.8188398618860097,10464911.0,12780168.0,0.5120019912719727
0,physics_compensated,0.8580467799797311,10965982.0,12780168.0,0.4791869521141052
0,ideal,1.0,12780168.0,12780168.0,0.0
1,before,0.5833005090386918,7454678.5,12780168.0,1.4297587871551514
1,baseline_compensated,0.7504230773805164,9590533.0,12780168.0,0.5718652009963989
1,physics_compensated,0.7128161382542076,9109910.0,12780168.0,0.6184656620025635
1,ideal,1.0,12780168.0,12780168.0,0.0
2,before,0.33667800767564243,4302801.5,12780168.0,1.4991962909698486
2,baseline_compensated,0.8074325001048499,10319123.0,12780168.0,0.5140515565872192
2,physics_compensated,0.88024531445909,11249683.0,12780168.0,0.3944188952445984
2,ideal,1.0,12780168.0,12780168.0,0.0
3,before,0.5463243910408689,6982117.5,12780168.0,1.9030169248580933
3,baseline_compensated,0.5649573620628461,7220250.0,12780168.0,1.467187523841858
3,physics_compensated,0.6476667990592925,8277290.5,12780168.0,1.372548222541809
3,ideal,1.0,12780168.0,12780168.0,0.0
4,before,0.32898151260609404,4204439.0,12780168.0,1.9157333374023438
4,baseline_compensated,0.47842598782739004,6114364.5,12780168.0,0.9644225835800171
4,physics_compensated,0.5044178214245697,6446544.5,12780168.0,0.9403501152992249
4,ideal,1.0,12780168.0,12780168.0,0.0
5,before,0.326700830536813,4175291.5,12780168.0,2.2775397300720215
5,baseline_compensated,0.48036344279668314,6139125.5,12780168.0,1.198236346244812
5,physics_compensated,0.5161145768975807,6596031.0,12780168.0,1.2029308080673218
5,ideal,1.0,12780168.0,12780168.0,0.0
6,before,0.46775175412404596,5977946.0,12780168.0,2.0889110565185547
6,baseline_compensated,0.8814541405089511,11265132.0,12780168.0,0.9567124247550964
6,physics_compensated,0.8325705108101865,10640391.0,12780168.0,1.0887295007705688
6,ideal,1.0,12780168.0,12780168.0,0.0
7,before,0.30844754935928853,3942011.5,12780168.0,1.497049331665039
7,baseline_compensated,0.7111181950033834,9088210.0,12780168.0,0.8224677443504333
7,physics_compensated,0.7353383773984817,9397748.0,12780168.0,0.807181715965271
7,ideal,1.0,12780168.0,12780168.0,0.0
8,before,0.3209430228147236,4101705.75,12780168.0,1.8186533451080322
8,baseline_compensated,0.34720838568006307,4437381.5,12780168.0,1.1205990314483643
8,physics_compensated,0.2892406226584815,3696543.75,12780168.0,1.228397011756897
8,ideal,1.0,12780168.0,12780168.0,0.0
9,before,0.5455551523266361,6972286.5,12780168.0,1.4227296113967896
9,baseline_compensated,0.788027512627377,10071124.0,12780168.0,0.6561411619186401
9,physics_compensated,0.8420277417323465,10761256.0,12780168.0,0.5413274765014648
9,ideal,1.0,12780168.0,12780168.0,0.0
10,before,0.36632233629479677,4681661.0,12780168.0,1.580066442489624
10,baseline_compensated,0.3577666193433451,4572317.5,12780168.0,1.0546377897262573
10,physics_compensated,0.36188209732454224,4624914.0,12780168.0,1.0298131704330444
10,ideal,1.0,12780168.0,12780168.0,0.0
11,before,0.2946839783326792,3766110.75,12780168.0,1.6444764137268066
11,baseline_compensated,0.5233948411319789,6689074.0,12780168.0,1.2231485843658447
11,physics_compensated,0.5289347135342822,6759874.5,12780168.0,1.1172620058059692
11,ideal,1.0,12780168.0,12780168.0,0.0
12,before,0.30450368492808544,3891608.25,12780168.0,1.4989207983016968
12,baseline_compensated,0.6477867505341088,8278823.5,12780168.0,1.171282410621643
12,physics_compensated,0.627337019356866,8017472.5,12780168.0,1.1305830478668213
12,ideal,1.0,12780168.0,12780168.0,0.0
13,before,0.22656001079172042,2895475.0,12780168.0,1.6936798095703125
13,baseline_compensated,0.3605706122173042,4608153.0,12780168.0,1.512375831604004
13,physics_compensated,0.30214669322030824,3861485.5,12780168.0,1.6071640253067017
13,ideal,1.0,12780168.0,12780168.0,0.0
14,before,0.417051168654434,5329984.0,12780168.0,1.992608904838562
14,baseline_compensated,0.7664713797189521,9795633.0,12780168.0,0.6177006363868713
14,physics_compensated,0.7677507838707598,9811984.0,12780168.0,0.6178537011146545
14,ideal,1.0,12780168.0,12780168.0,0.0
15,before,0.35984448717732037,4598873.0,12780168.0,2.143601179122925
15,baseline_compensated,0.619612238274176,7918748.5,12780168.0,1.6034414768218994
15,physics_compensated,0.6960717574291668,8895914.0,12780168.0,1.4272781610488892
15,ideal,1.0,12780168.0,12780168.0,0.0
16,before,0.37422281929314233,4782630.5,12780168.0,2.2150144577026367
16,baseline_compensated,0.4289799633306855,5482436.0,12780168.0,0.9862884879112244
16,physics_compensated,0.4508102710386906,5761431.0,12780168.0,0.9638810157775879
16,ideal,1.0,12780168.0,12780168.0,0.0
17,before,0.3546899774713447,4532997.5,12780168.0,2.2047994136810303
17,baseline_compensated,0.7045653859949259,9004464.0,12780168.0,0.6391628384590149
17,physics_compensated,0.7975776218278194,10193176.0,12780168.0,0.5207239985466003
17,ideal,1.0,12780168.0,12780168.0,0.0
18,before,0.47570857440997644,6079635.5,12780168.0,1.1049381494522095
18,baseline_compensated,0.5671299078384572,7248015.5,12780168.0,1.130677580833435
18,physics_compensated,0.4901442218912928,6264125.5,12780168.0,1.3225442171096802
18,ideal,1.0,12780168.0,12780168.0,0.0
19,before,0.33427846957880364,4272135.0,12780168.0,1.6207301616668701
19,baseline_compensated,0.5103586666466357,6522469.5,12780168.0,0.9017267227172852
19,physics_compensated,0.487892099696968,6235343.0,12780168.0,0.9139357805252075
19,ideal,1.0,12780168.0,12780168.0,0.0
20,before,0.660286077616507,8438567.0,12780168.0,0.9220142960548401
20,baseline_compensated,0.8747565759698933,11179536.0,12780168.0,0.5504108667373657
20,physics_compensated,0.8672269409916991,11083306.0,12780168.0,0.5928871631622314
20,ideal,1.0,12780168.0,12780168.0,0.0
21,before,0.48578007738239437,6208351.0,12780168.0,2.1776747703552246
21,baseline_compensated,0.870441139740886,11124384.0,12780168.0,0.42762064933776855
21,physics_compensated,0.8644890270613032,11048315.0,12780168.0,0.4271293580532074
21,ideal,1.0,12780168.0,12780168.0,0.0
22,before,0.4555976102974546,5822614.0,12780168.0,1.5862189531326294
22,baseline_compensated,0.7413053568622885,9474007.0,12780168.0,0.6218716502189636
22,physics_compensated,0.704239020958097,9000293.0,12780168.0,0.6464440226554871
22,ideal,1.0,12780168.0,12780168.0,0.0
23,before,0.38601280515248315,4933308.5,12780168.0,1.8824049234390259
23,baseline_compensated,0.3121862912913195,3989793.25,12780168.0,1.2541632652282715
23,physics_compensated,0.3354149961095973,4286660.0,12780168.0,1.228441834449768
23,ideal,1.0,12780168.0,12780168.0,0.0
24,before,0.5310305388786751,6786659.5,12780168.0,2.0310308933258057
24,baseline_compensated,0.7503670530778626,9589817.0,12780168.0,1.4390116930007935
24,physics_compensated,0.6743131232703671,8617835.0,12780168.0,1.371925711631775
24,ideal,1.0,12780168.0,12780168.0,0.0
25,before,0.36207998204718433,4627443.0,12780168.0,1.8120882511138916
25,baseline_compensated,0.3311321885596496,4231925.0,12780168.0,1.1543408632278442
25,physics_compensated,0.2988049335501693,3818777.25,12780168.0,1.1423323154449463
25,ideal,1.0,12780168.0,12780168.0,0.0
26,before,0.2934746241207471,3750655.0,12780168.0,2.390979766845703
26,baseline_compensated,0.640965009223666,8191640.5,12780168.0,0.9421214461326599
26,physics_compensated,0.5504177644613123,7034431.5,12780168.0,1.0884041786193848
26,ideal,1.0,12780168.0,12780168.0,0.0
27,before,0.36339275821726286,4644220.5,12780168.0,2.091686248779297
27,baseline_compensated,0.7836209977834407,10014808.0,12780168.0,1.117275595664978
27,physics_compensated,0.8196468935306641,10475225.0,12780168.0,1.061331033706665
27,ideal,1.0,12780168.0,12780168.0,0.0
28,before,0.453014897769732,5789606.5,12780168.0,1.9832707643508911
28,baseline_compensated,0.655414271549482,8376304.5,12780168.0,1.006008505821228
28,physics_compensated,0.7211769047167456,9216762.0,12780168.0,0.8826624155044556
28,ideal,1.0,12780168.0,12780168.0,0.0
29,before,0.401729695572077,5134173.0,12780168.0,1.8270351886749268
29,baseline_compensated,0.4741406763979941,6059597.5,12780168.0,1.0861144065856934
29,physics_compensated,0.37599122327656415,4805231.0,12780168.0,1.2466470003128052
29,ideal,1.0,12780168.0,12780168.0,0.0
30,before,0.41041244528240944,5245140.0,12780168.0,1.3106014728546143
30,baseline_compensated,0.6502944640477339,8310872.5,12780168.0,0.7704311609268188
30,physics_compensated,0.7946684268939188,10155996.0,12780168.0,0.5836338996887207
30,ideal,1.0,12780168.0,12780168.0,0.0
31,before,0.35243797264636895,4504216.5,12780168.0,1.9559156894683838
31,baseline_compensated,0.2745900523373402,3509307.0,12780168.0,1.5494390726089478
31,physics_compensated,0.3145665221302255,4020213.0,12780168.0,1.6229692697525024
31,ideal,1.0,12780168.0,12780168.0,0.0
32,before,0.37097180569144317,4741082.0,12780168.0,1.6099903583526611
32,baseline_compensated,0.5668268210558735,7244142.0,12780168.0,0.8297039866447449
32,physics_compensated,0.47628082823324386,6086949.0,12780168.0,0.9925061464309692
32,ideal,1.0,12780168.0,12780168.0,0.0
33,before,0.44362171138908346,5669560.0,12780168.0,1.7404614686965942
33,baseline_compensated,0.4481466519062973,5727389.5,12780168.0,0.9549735188484192
33,physics_compensated,0.41699400978140505,5329253.5,12780168.0,0.9889228940010071
33,ideal,1.0,12780168.0,12780168.0,0.0
34,before,0.23827589746864047,3045206.0,12780168.0,1.823204755783081
34,baseline_compensated,0.5292541146563957,6763956.5,12780168.0,1.030622959136963
34,physics_compensated,0.4085898166596871,5221846.5,12780168.0,1.1000361442565918
34,ideal,1.0,12780168.0,12780168.0,0.0
35,before,0.2237786115174699,2859928.25,12780168.0,1.7262481451034546
35,baseline_compensated,0.8782577036545999,11224281.0,12780168.0,0.46031275391578674
35,physics_compensated,0.8955910438736017,11445804.0,12780168.0,0.42615821957588196
35,ideal,1.0,12780168.0,12780168.0,0.0
36,before,0.32335382836907933,4132516.25,12780168.0,2.406717300415039
36,baseline_compensated,0.814760103310066,10412771.0,12780168.0,0.8708764314651489
36,physics_compensated,0.7896477573690737,10091831.0,12780168.0,0.8721334338188171
36,ideal,1.0,12780168.0,12780168.0,0.0
37,before,0.45185669703246467,5774804.5,12780168.0,2.2323787212371826
37,baseline_compensated,0.8867321618933335,11332586.0,12780168.0,0.5426639914512634
37,physics_compensated,0.8550289010285311,10927413.0,12780168.0,0.5951478481292725
37,ideal,1.0,12780168.0,12780168.0,0.0
38,before,0.5401260765899165,6902902.0,12780168.0,2.030674695968628
38,baseline_compensated,0.8457076620589025,10808286.0,12780168.0,1.1431961059570312
38,physics_compensated,0.854011621756459,10914412.0,12780168.0,1.1018450260162354
38,ideal,1.0,12780168.0,12780168.0,0.0
39,before,0.32772542583164793,4188386.0,12780168.0,2.24196195602417
39,baseline_compensated,0.5876281908031256,7509987.0,12780168.0,1.1294338703155518
39,physics_compensated,0.6383619917985429,8158373.5,12780168.0,0.9433228969573975
39,ideal,1.0,12780168.0,12780168.0,0.0
40,before,0.5103170005276926,6521937.0,12780168.0,1.9069966077804565
40,baseline_compensated,0.738994041392883,9444468.0,12780168.0,1.1588884592056274
40,physics_compensated,0.8447962499397504,10796638.0,12780168.0,1.0543712377548218
40,ideal,1.0,12780168.0,12780168.0,0.0
41,before,0.23511964005480993,3004868.5,12780168.0,2.182145833969116
41,baseline_compensated,0.5569666611581319,7118127.5,12780168.0,0.9775385856628418
41,physics_compensated,0.539159422630438,6890548.0,12780168.0,0.9969708323478699
41,ideal,1.0,12780168.0,12780168.0,0.0
42,before,0.27507441607966343,3515497.25,12780168.0,1.4947688579559326
42,baseline_compensated,0.9076068483606788,11599368.0,12780168.0,0.3455227315425873
42,physics_compensated,0.9491237517378488,12129961.0,12780168.0,0.2506721019744873
42,ideal,1.0,12780168.0,12780168.0,0.0
43,before,0.36726598586184467,4693721.0,12780168.0,1.427137851715088
43,baseline_compensated,0.7566603975784982,9670247.0,12780168.0,0.9837065935134888
43,physics_compensated,0.8436357800617331,10781807.0,12780168.0,0.8531892895698547
43,ideal,1.0,12780168.0,12780168.0,0.0
44,before,0.4352822670249718,5562980.5,12780168.0,1.3644920587539673
44,baseline_compensated,0.9014658492752208,11520885.0,12780168.0,0.3569881021976471
44,physics_compensated,0.638824114049205,8164279.5,12780168.0,0.8251667022705078
44,ideal,1.0,12780168.0,12780168.0,0.0
45,before,0.4277346354132434,5466520.5,12780168.0,1.6425821781158447
45,baseline_compensated,0.3288743543903335,4203069.5,12780168.0,1.2951618432998657
45,physics_compensated,0.41548327064245166,5309946.0,12780168.0,1.1187469959259033
45,ideal,1.0,12780168.0,12780168.0,0.0
46,before,0.3873528892577938,4950435.0,12780168.0,1.6736619472503662
46,baseline_compensated,0.25882431670694783,3307818.25,12780168.0,1.2592865228652954
46,physics_compensated,0.27446213930834085,3507672.25,12780168.0,1.2047054767608643
46,ideal,1.0,12780168.0,12780168.0,0.0
47,before,0.5137943022345246,6566377.5,12780168.0,1.8034045696258545
47,baseline_compensated,0.5244111423261416,6702062.5,12780168.0,1.8116239309310913
47,physics_compensated,0.6608074322653662,8445230.0,12780168.0,1.5794742107391357
47,ideal,1.0,12780168.0,12780168.0,0.0
48,before,0.3375966966944409,4314542.5,12780168.0,1.5981353521347046
48,baseline_compensated,0.427974851347807,5469590.5,12780168.0,1.0459747314453125
48,physics_compensated,0.3101790406824073,3964140.25,12780168.0,1.2917652130126953
48,ideal,1.0,12780168.0,12780168.0,0.0
49,before,0.5445937799878687,6960000.0,12780168.0,1.3493543863296509
49,baseline_compensated,0.7841235733364381,10021231.0,12780168.0,0.5573803186416626
49,physics_compensated,0.8119587316849043,10376969.0,12780168.0,0.5206610560417175
49,ideal,1.0,12780168.0,12780168.0,0.0
50,before,0.4891981858141458,6252035.0,12780168.0,1.8502726554870605
50,baseline_compensated,0.6558428261662914,8381781.5,12780168.0,0.8227592706680298
50,physics_compensated,0.668337849705888,8541470.0,12780168.0,0.8277992010116577
50,ideal,1.0,12780168.0,12780168.0,0.0
51,before,0.4081072330191591,5215679.0,12780168.0,1.9629405736923218
51,baseline_compensated,0.8143492323418596,10407520.0,12780168.0,0.4870273470878601
51,physics_compensated,0.8259587823884631,10555892.0,12780168.0,0.4703614413738251
51,ideal,1.0,12780168.0,12780168.0,0.0
52,before,0.5233799352246387,6688883.5,12780168.0,1.409409523010254
52,baseline_compensated,0.5375668770551373,6870195.0,12780168.0,1.1200908422470093
52,physics_compensated,0.5142174187381574,6571785.0,12780168.0,1.1314976215362549
52,ideal,1.0,12780168.0,12780168.0,0.0
53,before,0.26152087750333175,3342280.75,12780168.0,1.7657139301300049
53,baseline_compensated,0.8988985903784676,11488075.0,12780168.0,0.3792235255241394
53,physics_compensated,0.9133280564073962,11672486.0,12780168.0,0.3387519121170044
53,ideal,1.0,12780168.0,12780168.0,0.0
54,before,0.543204479002154,6942244.5,12780168.0,1.4333986043930054
54,baseline_compensated,0.8543372043309603,10918573.0,12780168.0,0.6390010714530945
54,physics_compensated,0.877195902276089,11210711.0,12780168.0,0.5660435557365417
54,ideal,1.0,12780168.0,12780168.0,0.0
55,before,0.398550238150234,5093539.0,12780168.0,1.3706539869308472
55,baseline_compensated,0.703818995180658,8994925.0,12780168.0,0.9139044284820557
55,physics_compensated,0.740119848189789,9458856.0,12780168.0,0.8464850783348083
55,ideal,1.0,12780168.0,12780168.0,0.0
56,before,0.2741205945023571,3503307.25,12780168.0,2.045480966567993
56,baseline_compensated,0.5618708220424019,7180803.5,12780168.0,0.864730954170227
56,physics_compensated,0.45725134442677123,5843749.0,12780168.0,0.951984167098999
56,ideal,1.0,12780168.0,12780168.0,0.0
57,before,0.2774730934679419,3546152.75,12780168.0,2.1099400520324707
57,baseline_compensated,0.6474515045498619,8274539.0,12780168.0,0.8475247621536255
57,physics_compensated,0.6529283496116796,8344534.0,12780168.0,0.8361537456512451
57,ideal,1.0,12780168.0,12780168.0,0.0
58,before,0.33748331790317626,4313093.5,12780168.0,1.6729793548583984
58,baseline_compensated,0.4713750633012023,6024252.5,12780168.0,1.1841200590133667
58,physics_compensated,0.46732206493686157,5972454.5,12780168.0,1.243456244468689
58,ideal,1.0,12780168.0,12780168.0,0.0
59,before,0.2738543225722854,3499904.25,12780168.0,1.4093979597091675
59,baseline_compensated,0.6002480170839695,7671270.5,12780168.0,1.0043282508850098
59,physics_compensated,0.6738273706574124,8611627.0,12780168.0,0.8716275691986084
59,ideal,1.0,12780168.0,12780168.0,0.0
60,before,0.29076037967576013,3715966.5,12780168.0,1.80739164352417
60,baseline_compensated,0.29704983142631614,3796346.75,12780168.0,1.1329448223114014
60,physics_compensated,0.3570809476056966,4563554.5,12780168.0,1.3007317781448364
60,ideal,1.0,12780168.0,12780168.0,0.0
61,before,0.6518805151857159,8331142.5,12780168.0,0.8204016089439392
61,baseline_compensated,0.8168111718093221,10438984.0,12780168.0,0.4866556227207184
61,physics_compensated,0.8611385233746536,11005495.0,12780168.0,0.41607150435447693
61,ideal,1.0,12780168.0,12780168.0,0.0
62,before,0.2785832314567383,3560340.5,12780168.0,1.8970867395401
62,baseline_compensated,0.5892668625326365,7530929.5,12780168.0,1.1211252212524414
62,physics_compensated,0.7348877573440349,9391989.0,12780168.0,0.9229766726493835
62,ideal,1.0,12780168.0,12780168.0,0.0
63,before,0.40155614542782225,5131955.0,12780168.0,2.0570030212402344
63,baseline_compensated,0.8159011681223596,10427354.0,12780168.0,0.4914783835411072
63,physics_compensated,0.7676411608986674,9810583.0,12780168.0,0.5550361275672913
63,ideal,1.0,12780168.0,12780168.0,0.0
64,before,0.2553421637336849,3263315.75,12780168.0,1.608987808227539
64,baseline_compensated,0.5250409071304853,6710111.0,12780168.0,1.2384244203567505
64,physics_compensated,0.9387423545605973,11997285.0,12780168.0,0.4713708758354187
64,ideal,1.0,12780168.0,12780168.0,0.0
65,before,0.2872363454064141,3670928.75,12780168.0,1.3849477767944336
65,baseline_compensated,0.8134368812679145,10395860.0,12780168.0,0.6950464248657227
65,physics_compensated,0.7918215159612926,10119612.0,12780168.0,0.7914749979972839
65,ideal,1.0,12780168.0,12780168.0,0.0
66,before,0.8419985558875283,10760883.0,12780168.0,0.6984395980834961
66,baseline_compensated,0.9436784399078322,12060369.0,12780168.0,0.2597646415233612
66,physics_compensated,0.9441540205105285,12066447.0,12780168.0,0.25956737995147705
66,ideal,1.0,12780168.0,12780168.0,0.0
67,before,0.42026180720003053,5371016.5,12780168.0,2.2946598529815674
67,baseline_compensated,0.46963302829821957,6001989.0,12780168.0,0.9351199269294739
67,physics_compensated,0.3716410457202128,4749635.0,12780168.0,1.0642037391662598
67,ideal,1.0,12780168.0,12780168.0,0.0
68,before,0.37103045124289447,4741831.5,12780168.0,2.056788206100464
68,baseline_compensated,0.6041124029042497,7720658.0,12780168.0,1.1562994718551636
68,physics_compensated,0.6734307405035678,8606558.0,12780168.0,1.1257919073104858
68,ideal,1.0,12780168.0,12780168.0,0.0
69,before,0.3009028128581721,3845588.5,12780168.0,2.1118249893188477
69,baseline_compensated,0.7565602424005694,9668967.0,12780168.0,0.6975969672203064
69,physics_compensated,0.6998554322603584,8944270.0,12780168.0,0.8269742727279663
69,ideal,1.0,12780168.0,12780168.0,0.0
70,before,0.25560780969389446,3266710.75,12780168.0,1.8853894472122192
70,baseline_compensated,0.41681400432294785,5326953.0,12780168.0,1.5814744234085083
70,physics_compensated,0.3536207818238383,4519333.0,12780168.0,1.4147454500198364
70,ideal,1.0,12780168.0,12780168.0,0.0
71,before,0.8317256079888777,10629593.0,12780168.0,0.6746439933776855
71,baseline_compensated,0.8903736633196058,11379125.0,12780168.0,0.3777136504650116
71,physics_compensated,0.8612029200242125,11006318.0,12780168.0,0.43621987104415894
71,ideal,1.0,12780168.0,12780168.0,0.0
72,before,0.4711398160024187,6021246.0,12780168.0,1.8292133808135986
72,baseline_compensated,0.7035378564663626,8991332.0,12780168.0,0.7321519255638123
72,physics_compensated,0.6753007472202244,8630457.0,12780168.0,0.7970356345176697
72,ideal,1.0,12780168.0,12780168.0,0.0
73,before,0.41981161749986384,5365263.0,12780168.0,1.4739888906478882
73,baseline_compensated,0.5027413958877536,6425119.5,12780168.0,0.9662734866142273
73,physics_compensated,0.5106415659011682,6526085.0,12780168.0,0.9482023119926453
73,ideal,1.0,12780168.0,12780168.0,0.0
74,before,0.48845961962315365,6242596.0,12780168.0,0.9714881181716919
74,baseline_compensated,0.562043159370049,7183006.0,12780168.0,0.835950493812561
74,physics_compensated,0.5391755804775024,6890754.5,12780168.0,0.8601208925247192
74,ideal,1.0,12780168.0,12780168.0,0.0
75,before,0.5042800689318012,6444784.0,12780168.0,1.0401582717895508
75,baseline_compensated,0.6854463884981794,8760120.0,12780168.0,0.6663399934768677
75,physics_compensated,0.7027729995411641,8981557.0,12780168.0,0.6491630673408508
75,ideal,1.0,12780168.0,12780168.0,0.0
76,before,0.23170315523238819,2961205.25,12780168.0,1.9751405715942383
76,baseline_compensated,0.5379623335154906,6875249.0,12780168.0,1.0361583232879639
76,physics_compensated,0.6267148053139834,8009520.5,12780168.0,0.8573340177536011
76,ideal,1.0,12780168.0,12780168.0,0.0
77,before,0.40118439757599433,5127204.0,12780168.0,1.9539626836776733
77,baseline_compensated,0.6093465281520556,7787551.0,12780168.0,0.8495864868164062
77,physics_compensated,0.6388266179286533,8164311.5,12780168.0,0.8478875756263733
77,ideal,1.0,12780168.0,12780168.0,0.0
78,before,0.26922400394110624,3440728.0,12780168.0,1.7495111227035522
78,baseline_compensated,0.6055616013811399,7739179.0,12780168.0,0.7878884077072144
78,physics_compensated,0.5956449085802314,7612442.0,12780168.0,0.7781261205673218
78,ideal,1.0,12780168.0,12780168.0,0.0
79,before,0.4459952326135306,5699894.0,12780168.0,2.2724170684814453
79,baseline_compensated,0.9166705007320718,11715203.0,12780168.0,0.5159793496131897
79,physics_compensated,0.9194299323764759,11750469.0,12780168.0,0.5082806348800659
79,ideal,1.0,12780168.0,12780168.0,0.0
80,before,0.5862170199953552,7491952.0,12780168.0,1.8267359733581543
80,baseline_compensated,0.817069306131187,10442283.0,12780168.0,0.5785517692565918
80,physics_compensated,0.8202461031811162,10482883.0,12780168.0,0.549079954624176
80,ideal,1.0,12780168.0,12780168.0,0.0
81,before,0.40130822223933205,5128786.5,12780168.0,1.6476218700408936
81,baseline_compensated,0.8173446546242584,10445802.0,12780168.0,1.205317497253418
81,physics_compensated,0.8133445507132614,10394680.0,12780168.0,1.1915042400360107
81,ideal,1.0,12780168.0,12780168.0,0.0
82,before,0.37223802535303135,4757264.5,12780168.0,1.6913132667541504
82,baseline_compensated,0.35279039367870596,4508720.5,12780168.0,1.1703025102615356
82,physics_compensated,0.3675319839301017,4697120.5,12780168.0,1.1302158832550049
82,ideal,1.0,12780168.0,12780168.0,0.0
83,before,0.3696010881860082,4723564.0,12780168.0,1.7400113344192505
83,baseline_compensated,0.5275182219826844,6741771.5,12780168.0,0.9801371693611145
83,physics_compensated,0.551140681405753,7043670.5,12780168.0,0.8734868764877319
83,ideal,1.0,12780168.0,12780168.0,0.0
84,before,0.37955514356305803,4850778.5,12780168.0,1.710267424583435
84,baseline_compensated,0.312684328562817,3996158.25,12780168.0,1.3755993843078613
84,physics_compensated,0.4989538087449242,6376713.5,12780168.0,1.5961644649505615
84,ideal,1.0,12780168.0,12780168.0,0.0
85,before,0.28962833274179184,3701498.75,12780168.0,1.9960381984710693
85,baseline_compensated,0.8709870637068308,11131361.0,12780168.0,0.7327237725257874
85,physics_compensated,0.8018008839946392,10247150.0,12780168.0,0.5811939239501953
85,ideal,1.0,12780168.0,12780168.0,0.0
86,before,0.4105204250836139,5246520.0,12780168.0,2.1586196422576904
86,baseline_compensated,0.9104725383891668,11635992.0,12780168.0,0.5740901231765747
86,physics_compensated,0.8984592377815378,11482460.0,12780168.0,0.5615270733833313
86,ideal,1.0,12780168.0,12780168.0,0.0
87,before,0.3131369634577574,4001943.0,12780168.0,2.050661087036133
87,baseline_compensated,0.43120372126563594,5510856.0,12780168.0,1.3462806940078735
87,physics_compensated,0.39935605697828075,5103837.5,12780168.0,1.2249451875686646
87,ideal,1.0,12780168.0,12780168.0,0.0
88,before,0.40196329969997263,5137158.5,12780168.0,1.4944188594818115
88,baseline_compensated,0.8385158943137524,10716374.0,12780168.0,0.6697128415107727
88,physics_compensated,0.7593447910856884,9704554.0,12780168.0,0.8154987692832947
88,ideal,1.0,12780168.0,12780168.0,0.0
89,before,0.394462889689713,5041302.0,12780168.0,2.0447282791137695
89,baseline_compensated,0.7545018970016669,9642661.0,12780168.0,0.7006760239601135
89,physics_compensated,0.8200747439313787,10480693.0,12780168.0,0.5748711824417114
89,ideal,1.0,12780168.0,12780168.0,0.0
90,before,0.26873797746633693,3434516.5,12780168.0,1.892202377319336
90,baseline_compensated,0.33328505540772235,4259439.0,12780168.0,1.2674921751022339
90,physics_compensated,0.3263066260161838,4170253.5,12780168.0,1.2573180198669434
90,ideal,1.0,12780168.0,12780168.0,0.0
91,before,0.29668422590375965,3791674.25,12780168.0,1.7424603700637817
91,baseline_compensated,0.6564817457798677,8389947.0,12780168.0,0.7316407561302185
91,physics_compensated,0.6610085250835513,8447800.0,12780168.0,0.7241330146789551
91,ideal,1.0,12780168.0,12780168.0,0.0
92,before,0.2955493229822957,3777170.0,12780168.0,2.047833204269409
92,baseline_compensated,0.3438596034105342,4394583.5,12780168.0,1.1054136753082275
92,physics_compensated,0.37433177717225624,4784023.0,12780168.0,1.0638422966003418
92,ideal,1.0,12780168.0,12780168.0,0.0
93,before,0.2924493246098173,3737551.5,12780168.0,1.7162021398544312
93,baseline_compensated,0.3303481221843093,4221904.5,12780168.0,1.1389590501785278
93,physics_compensated,0.3232994667988715,4131821.5,12780168.0,1.3005152940750122
93,ideal,1.0,12780168.0,12780168.0,0.0
94,before,0.4276600276303097,5465567.0,12780168.0,1.8354990482330322
94,baseline_compensated,0.8960473759030397,11451636.0,12780168.0,0.4921530485153198
94,physics_compensated,0.928590375337789,11867541.0,12780168.0,0.45838823914527893
94,ideal,1.0,12780168.0,12780168.0,0.0
95,before,0.40825460979855666,5217562.5,12780168.0,1.876635193824768
95,baseline_compensated,0.7156153972310849,9145685.0,12780168.0,0.6432616710662842
95,physics_compensated,0.7491269285348987,9573968.0,12780168.0,0.6028613448143005
95,ideal,1.0,12780168.0,12780168.0,0.0
96,before,0.3972061243639364,5076361.0,12780168.0,1.9688220024108887
96,baseline_compensated,0.8699067962173893,11117555.0,12780168.0,0.9219740629196167
96,physics_compensated,0.8882737691711095,11352288.0,12780168.0,0.8413706421852112
96,ideal,1.0,12780168.0,12780168.0,0.0
97,before,0.2889831338680368,3693253.0,12780168.0,1.6525999307632446
97,baseline_compensated,0.44058337104801754,5630729.5,12780168.0,1.4403830766677856
97,physics_compensated,0.36016138441998574,4602923.0,12780168.0,1.4285781383514404
97,ideal,1.0,12780168.0,12780168.0,0.0
98,before,0.38469357366820217,4916448.5,12780168.0,1.505972981452942
98,baseline_compensated,0.8092902221629638,10342865.0,12780168.0,0.5756269693374634
98,physics_compensated,0.8173102262818455,10445362.0,12780168.0,0.5168247818946838
98,ideal,1.0,12780168.0,12780168.0,0.0
99,before,0.4057669273205172,5185769.5,12780168.0,1.6579015254974365
99,baseline_compensated,0.7010817072201242,8959942.0,12780168.0,1.056611180305481
99,physics_compensated,0.7899301480230932,10095440.0,12780168.0,0.9964115023612976
99,ideal,1.0,12780168.0,12780168.0,0.0
100,before,0.4109225715968679,5251659.5,12780168.0,1.7176012992858887
100,baseline_compensated,0.2865758298325969,3662487.25,12780168.0,1.4152777194976807
100,physics_compensated,0.3433253381332702,4387755.5,12780168.0,1.5278249979019165
100,ideal,1.0,12780168.0,12780168.0,0.0
101,before,0.33485295341970467,4279477.0,12780168.0,2.142462968826294
101,baseline_compensated,0.6424825166617528,8211034.5,12780168.0,0.7299010753631592
101,physics_compensated,0.6277160441083404,8022316.5,12780168.0,0.7866151332855225
101,ideal,1.0,12780168.0,12780168.0,0.0
102,before,0.5680477752718117,7259746.0,12780168.0,1.2443190813064575
102,baseline_compensated,0.8114293176740712,10370203.0,12780168.0,0.5082252025604248
102,physics_compensated,0.7655353982827143,9783671.0,12780168.0,0.5608659982681274
102,ideal,1.0,12780168.0,12780168.0,0.0
103,before,0.2430925008184556,3106763.0,12780168.0,1.9262728691101074
103,baseline_compensated,0.6432990552236872,8221470.0,12780168.0,0.7092753052711487
103,physics_compensated,0.6104967477735816,7802251.0,12780168.0,0.7462314963340759
103,ideal,1.0,12780168.0,12780168.0,0.0
104,before,0.285965587463326,3654688.25,12780168.0,1.9441105127334595
104,baseline_compensated,0.3787043722742925,4839905.5,12780168.0,1.0416240692138672
104,physics_compensated,0.41203542864225257,5265882.0,12780168.0,0.9775880575180054
104,ideal,1.0,12780168.0,12780168.0,0.0
105,before,0.27215878539311844,3478235.0,12780168.0,1.8303297758102417
105,baseline_compensated,0.3559858524551477,4549559.0,12780168.0,1.2301108837127686
105,physics_compensated,0.42118796873405734,5382853.0,12780168.0,1.1560215950012207
105,ideal,1.0,12780168.0,12780168.0,0.0
106,before,0.5601916970105557,7159344.0,12780168.0,1.2464674711227417
106,baseline_compensated,0.9123678186390038,11660214.0,12780168.0,0.33293795585632324
106,physics_compensated,0.9322724083126294,11914598.0,12780168.0,0.30065715312957764
106,ideal,1.0,12780168.0,12780168.0,0.0
107,before,0.3180428066360317,4064640.5,12780168.0,1.4279958009719849
107,baseline_compensated,0.3676553782391593,4698697.5,12780168.0,1.450603723526001
107,physics_compensated,0.3130767921047673,4001174.0,12780168.0,1.483946442604065
107,ideal,1.0,12780168.0,12780168.0,0.0
108,before,0.4589913059045859,5865986.0,12780168.0,2.0214269161224365
108,baseline_compensated,0.8071498747121321,10315511.0,12780168.0,0.6625194549560547
108,physics_compensated,0.8069833667288254,10313383.0,12780168.0,0.661045491695404
108,ideal,1.0,12780168.0,12780168.0,0.0
109,before,0.5830721865315073,7451760.5,12780168.0,1.5520633459091187
109,baseline_compensated,0.3803334588402907,4860725.5,12780168.0,1.2485294342041016
109,physics_compensated,0.43166662597862565,5516772.0,12780168.0,1.1069132089614868
109,ideal,1.0,12780168.0,12780168.0,0.0
110,before,0.35571523785915804,4546100.5,12780168.0,2.014941692352295
110,baseline_compensated,0.5783925923352494,7391954.5,12780168.0,1.0526306629180908
110,physics_compensated,0.451898284905175,5775336.0,12780168.0,1.2348594665527344
110,ideal,1.0,12780168.0,12780168.0,0.0
111,before,0.5227274007665627,6680544.0,12780168.0,1.4420809745788574
111,baseline_compensated,0.8717572413758568,11141204.0,12780168.0,0.4067803919315338
111,physics_compensated,0.8741105750722525,11171280.0,12780168.0,0.4099440574645996
111,ideal,1.0,12780168.0,12780168.0,0.0
112,before,0.33379400802868947,4265943.5,12780168.0,1.7317187786102295
112,baseline_compensated,0.7618631460869685,9736739.0,12780168.0,0.8134715557098389
112,physics_compensated,0.8391217548939889,10724117.0,12780168.0,0.7149080634117126
112,ideal,1.0,12780168.0,12780168.0,0.0
113,before,0.31800929768685354,4064212.25,12780168.0,1.8948808908462524
113,baseline_compensated,0.7514668038792605,9603872.0,12780168.0,0.5787620544433594
113,physics_compensated,0.7348263340513208,9391204.0,12780168.0,0.6105912923812866
113,ideal,1.0,12780168.0,12780168.0,0.0
114,before,0.32828746852154056,4195569.0,12780168.0,2.3094189167022705
114,baseline_compensated,0.6416189912370479,8199998.5,12780168.0,0.7135922908782959
114,physics_compensated,0.6719699615842296,8587889.0,12780168.0,0.6725459694862366
114,ideal,1.0,12780168.0,12780168.0,0.0
115,before,0.4145276494017919,5297733.0,12780168.0,1.7504160404205322
115,baseline_compensated,0.7575506832148059,9681625.0,12780168.0,0.9945371150970459
115,physics_compensated,0.8268172218080388,10566863.0,12780168.0,0.9038650393486023
115,ideal,1.0,12780168.0,12780168.0,0.0
116,before,0.2999036084658668,3832818.5,12780168.0,1.9919716119766235
116,baseline_compensated,0.7136527469748442,9120602.0,12780168.0,1.2283481359481812
116,physics_compensated,0.7470877534630218,9547907.0,12780168.0,1.2279876470565796
116,ideal,1.0,12780168.0,12780168.0,0.0
117,before,0.3753948304904912,4797609.0,12780168.0,1.9701085090637207
117,baseline_compensated,0.6381449367488753,8155599.5,12780168.0,0.7633002400398254
117,physics_compensated,0.6463562137837312,8260541.0,12780168.0,0.7425748109817505
117,ideal,1.0,12780168.0,12780168.0,0.0
118,before,0.6284203775725014,8031318.0,12780168.0,1.7859004735946655
118,baseline_compensated,0.8701967767559863,11121261.0,12780168.0,0.7352519035339355
118,physics_compensated,0.8497241194325458,10859617.0,12780168.0,0.7933826446533203
118,ideal,1.0,12780168.0,12780168.0,0.0
119,before,0.392551803700859,5016878.0,12780168.0,1.8297313451766968
119,baseline_compensated,0.3336971783156528,4264706.0,12780168.0,1.0758600234985352
119,physics_compensated,0.29625653199551055,3786208.25,12780168.0,1.2168831825256348
119,ideal,1.0,12780168.0,12780168.0,0.0
120,before,0.4814104165140865,6152506.0,12780168.0,1.7288334369659424
120,baseline_compensated,0.6005482478790576,7675107.5,12780168.0,1.1253292560577393
120,physics_compensated,0.6774643338021847,8658108.0,12780168.0,1.032331109046936
120,ideal,1.0,12780168.0,12780168.0,0.0
121,before,0.29919283924906154,3823734.75,12780168.0,2.260042667388916
121,baseline_compensated,0.7430011874648283,9495680.0,12780168.0,0.6477406024932861
121,physics_compensated,0.7655490913734467,9783846.0,12780168.0,0.6376097798347473
121,ideal,1.0,12780168.0,12780168.0,0.0
122,before,0.3512386926369043,4488889.5,12780168.0,2.3353593349456787
122,baseline_compensated,0.6626407414988598,8468660.0,12780168.0,0.9836769700050354
122,physics_compensated,0.6720284897663317,8588637.0,12780168.0,0.9390184283256531
122,ideal,1.0,12780168.0,12780168.0,0.0
123,before,0.25271526164601277,3229743.5,12780168.0,1.4821088314056396
123,baseline_compensated,0.9103097862250324,11633912.0,12780168.0,0.4809795916080475
123,physics_compensated,0.9045496898006349,11560297.0,12780168.0,0.4901983439922333
123,ideal,1.0,12780168.0,12780168.0,0.0
124,before,0.44137987857436617,5640909.0,12780168.0,1.8369156122207642
124,baseline_compensated,0.7979989777912153,10198561.0,12780168.0,0.8057051301002502
124,physics_compensated,0.800770772340395,10233985.0,12780168.0,0.8121955394744873
124,ideal,1.0,12780168.0,12780168.0,0.0
125,before,0.236518487080921,3022746.0,12780168.0,1.9449478387832642
125,baseline_compensated,0.7631453671031555,9753126.0,12780168.0,0.5890662670135498
125,physics_compensated,0.7843531477833469,10024165.0,12780168.0,0.5591853260993958
125,ideal,1.0,12780168.0,12780168.0,0.0
126,before,0.49314007452797176,6302413.0,12780168.0,1.9600889682769775
126,baseline_compensated,0.8716282915842734,11139556.0,12780168.0,0.7425258755683899
126,physics_compensated,0.8441745053742643,10788692.0,12780168.0,0.8140734434127808
126,ideal,1.0,12780168.0,12780168.0,0.0
127,before,0.45252605443058336,5783359.0,12780168.0,1.9678698778152466
127,baseline_compensated,0.8304957337024051,10613875.0,12780168.0,0.867664635181427
127,physics_compensated,0.833954921406354,10658084.0,12780168.0,0.8193684220314026
127,ideal,1.0,12780168.0,12780168.0,0.0
128,before,0.5824933600246882,7444363.0,12780168.0,1.5130512714385986
128,baseline_compensated,0.8376661402260127,10705514.0,12780168.0,0.970931887626648
128,physics_compensated,0.811736121152711,10374124.0,12780168.0,1.0157887935638428
128,ideal,1.0,12780168.0,12780168.0,0.0
129,before,0.3542602100379275,4527505.0,12780168.0,2.119838237762451
129,baseline_compensated,0.6385784991245812,8161140.5,12780168.0,0.7548099756240845
129,physics_compensated,0.5800075554562351,7412594.0,12780168.0,0.8265532851219177
129,ideal,1.0,12780168.0,12780168.0,0.0
130,before,0.507830530866261,6490159.5,12780168.0,2.2167446613311768
130,baseline_compensated,0.43841227282771245,5602982.5,12780168.0,1.3027046918869019
130,physics_compensated,0.32736932722637135,4183835.0,12780168.0,1.2740709781646729
130,ideal,1.0,12780168.0,12780168.0,0.0
131,before,0.40456619975574654,5170424.0,12780168.0,2.137558698654175
131,baseline_compensated,0.24708006577065342,3157724.75,12780168.0,1.2567992210388184
131,physics_compensated,0.2892703366653709,3696923.5,12780168.0,1.3925732374191284
131,ideal,1.0,12780168.0,12780168.0,0.0
132,before,0.6832191877289876,8731656.0,12780168.0,0.7422043085098267
132,baseline_compensated,0.8020107403908932,10249832.0,12780168.0,0.5789297819137573
132,physics_compensated,0.7902181724058713,10099121.0,12780168.0,0.5773603916168213
132,ideal,1.0,12780168.0,12780168.0,0.0
133,before,0.5778409563943134,7384904.5,12780168.0,1.34566330909729
133,baseline_compensated,0.5032769131047417,6431963.5,12780168.0,1.3036354780197144
133,physics_compensated,0.46501325334690435,5942947.5,12780168.0,1.4023935794830322
133,ideal,1.0,12780168.0,12780168.0,0.0
134,before,0.40827182396976314,5217782.5,12780168.0,1.7014230489730835
134,baseline_compensated,0.7177541797572614,9173019.0,12780168.0,0.6563554406166077
134,physics_compensated,0.7536239742701348,9631441.0,12780168.0,0.6002844572067261
134,ideal,1.0,12780168.0,12780168.0,0.0
135,before,0.4034671922935598,5156378.5,12780168.0,1.9951808452606201
135,baseline_compensated,0.4129307220374568,5277324.0,12780168.0,1.0526784658432007
135,physics_compensated,0.4130845150079404,5279289.5,12780168.0,1.3513258695602417
135,ideal,1.0,12780168.0,12780168.0,0.0
136,before,0.30989704125955153,3960536.25,12780168.0,1.8551379442214966
136,baseline_compensated,0.6126880726450544,7830256.5,12780168.0,0.9580857157707214
136,physics_compensated,0.7780970484895035,9944211.0,12780168.0,0.5466739535331726
136,ideal,1.0,12780168.0,12780168.0,0.0
137,before,0.6121700825842039,7823636.5,12780168.0,1.7738418579101562
137,baseline_compensated,0.9124728250833636,11661556.0,12780168.0,0.7311867475509644
137,physics_compensated,0.9040647196500077,11554099.0,12780168.0,0.7355013489723206
137,ideal,1.0,12780168.0,12780168.0,0.0
138,before,0.29396516931545813,3756924.25,12780168.0,1.8096084594726562
138,baseline_compensated,0.533989576662842,6824476.5,12780168.0,0.9206646084785461
138,physics_compensated,0.49048729249881534,6268510.0,12780168.0,1.002014398574829
138,ideal,1.0,12780168.0,12780168.0,0.0
139,before,0.27802848522805024,3553250.75,12780168.0,1.924816608428955
139,baseline_compensated,0.8795913324457081,11241325.0,12780168.0,0.42059093713760376
139,physics_compensated,0.9310645212175614,11899161.0,12780168.0,0.32564017176628113
139,ideal,1.0,12780168.0,12780168.0,0.0
140,before,0.2993452433489137,3825682.5,12780168.0,1.351933479309082
140,baseline_compensated,0.37549048651003647,4798831.5,12780168.0,1.6574733257293701
140,physics_compensated,0.22284214104227737,2847960.0,12780168.0,1.6188596487045288
140,ideal,1.0,12780168.0,12780168.0,0.0
141,before,0.2761612562526565,3529387.25,12780168.0,1.6682407855987549
141,baseline_compensated,0.4313342359818744,5512524.0,12780168.0,1.2840511798858643
141,physics_compensated,0.674721255620427,8623051.0,12780168.0,0.8523473143577576
141,ideal,1.0,12780168.0,12780168.0,0.0
142,before,0.2972938031800521,3799464.75,12780168.0,2.0179574489593506
142,baseline_compensated,0.4537500993727156,5799002.5,12780168.0,0.9632863402366638
142,physics_compensated,0.4645455364906001,5936970.0,12780168.0,0.9276746511459351
142,ideal,1.0,12780168.0,12780168.0,0.0
143,before,0.6554906789957691,8377281.0,12780168.0,1.352128267288208
143,baseline_compensated,0.788294645266009,10074538.0,12780168.0,1.2322622537612915
143,physics_compensated,0.73958401798787,9452008.0,12780168.0,1.293487548828125
143,ideal,1.0,12780168.0,12780168.0,0.0
144,before,0.3292288098247222,4207599.5,12780168.0,2.099024534225464
144,baseline_compensated,0.38697613364706945,4945620.0,12780168.0,1.5605181455612183
144,physics_compensated,0.8191083247105985,10468342.0,12780168.0,0.9334223866462708
144,ideal,1.0,12780168.0,12780168.0,0.0
145,before,0.30451581309416276,3891763.25,12780168.0,1.5810730457305908
145,baseline_compensated,0.8790227170722639,11234058.0,12780168.0,0.5826436877250671
145,physics_compensated,0.8525444266460347,10895661.0,12780168.0,0.6326302886009216
145,ideal,1.0,12780168.0,12780168.0,0.0
146,before,0.3525202876832292,4505268.5,12780168.0,1.6261277198791504
146,baseline_compensated,0.42166084984172353,5388896.5,12780168.0,1.7465975284576416
146,physics_compensated,0.6229388377367183,7961263.0,12780168.0,1.3075979948043823
146,ideal,1.0,12780168.0,12780168.0,0.0
147,before,0.4262915010193919,5448077.0,12780168.0,1.6081794500350952
147,baseline_compensated,0.61530975179669,7863762.0,12780168.0,0.7352391481399536
147,physics_compensated,0.6494599679753819,8300207.5,12780168.0,0.6978318691253662
147,ideal,1.0,12780168.0,12780168.0,0.0
148,before,0.47725561980092907,6099407.0,12780168.0,2.2219953536987305
148,baseline_compensated,0.7656937686578142,9785695.0,12780168.0,0.5937496423721313
148,physics_compensated,0.6996357168387771,8941462.0,12780168.0,0.6721764206886292
148,ideal,1.0,12780168.0,12780168.0,0.0
149,before,0.37695615581892195,4817563.0,12780168.0,2.177755355834961
149,baseline_compensated,0.6756760943987591,8635254.0,12780168.0,0.8303071856498718
149,physics_compensated,0.6950769348258958,8883200.0,12780168.0,0.8265969753265381
149,ideal,1.0,12780168.0,12780168.0,0.0
150,before,0.28127838382093256,3594785.0,12780168.0,2.2277731895446777
150,baseline_compensated,0.3132736791879418,4003690.25,12780168.0,1.5128169059753418
150,physics_compensated,0.24026227589496477,3070592.25,12780168.0,1.3620423078536987
150,ideal,1.0,12780168.0,12780168.0,0.0
151,before,0.3175151140423193,4057896.5,12780168.0,2.0219814777374268
151,baseline_compensated,0.684306888610541,8745557.0,12780168.0,0.7962115406990051
151,physics_compensated,0.6661521976862902,8513537.0,12780168.0,0.8272255659103394
151,ideal,1.0,12780168.0,12780168.0,0.0
152,before,0.2699599097601847,3450133.0,12780168.0,1.6657931804656982
152,baseline_compensated,0.8966112182562859,11458842.0,12780168.0,0.6890929341316223
152,physics_compensated,0.8448277049253187,10797040.0,12780168.0,0.7914019227027893
152,ideal,1.0,12780168.0,12780168.0,0.0
153,before,0.5919226961648705,7564871.5,12780168.0,1.7528221607208252
153,baseline_compensated,0.6915452128641815,8838064.0,12780168.0,0.662506639957428
153,physics_compensated,0.712359649732304,9104076.0,12780168.0,0.6325069069862366
153,ideal,1.0,12780168.0,12780168.0,0.0
154,before,0.32920310593726154,4207271.0,12780168.0,1.7672549486160278
154,baseline_compensated,0.408314507289732,5218328.0,12780168.0,1.27885901927948
154,physics_compensated,0.3391343916605791,4334194.5,12780168.0,1.343799352645874
154,ideal,1.0,12780168.0,12780168.0,0.0
155,before,0.2373379598765838,3033219.0,12780168.0,1.5766280889511108
155,baseline_compensated,0.6791369252735958,8679484.0,12780168.0,1.0352565050125122
155,physics_compensated,0.8701702512830817,11120922.0,12780168.0,0.7035790681838989
155,ideal,1.0,12780168.0,12780168.0,0.0
156,before,0.3266204716557717,4174264.5,12780168.0,1.5096421241760254
156,baseline_compensated,0.7830118508614284,10007023.0,12780168.0,0.555156946182251
156,physics_compensated,0.6310082934747023,8064392.0,12780168.0,0.7238540053367615
156,ideal,1.0,12780168.0,12780168.0,0.0
157,before,0.3279913847767885,4191785.0,12780168.0,1.7023736238479614
157,baseline_compensated,0.40714284820043056,5203354.0,12780168.0,0.9873964786529541
157,physics_compensated,0.4221864297871515,5395613.5,12780168.0,1.0141288042068481
157,ideal,1.0,12780168.0,12780168.0,0.0
158,before,0.2561547312993069,3273700.5,12780168.0,2.0183167457580566
158,baseline_compensated,0.7539681012017996,9635839.0,12780168.0,0.7745150923728943
158,physics_compensated,0.6398394371654582,8177255.5,12780168.0,0.9299487471580505
158,ideal,1.0,12780168.0,12780168.0,0.0
159,before,0.40132672747337905,5129023.0,12780168.0,1.6906429529190063
159,baseline_compensated,0.47390437277506836,6056577.5,12780168.0,1.3045088052749634
159,physics_compensated,0.793399977214697,10139785.0,12780168.0,0.8288057446479797
159,ideal,1.0,12780168.0,12780168.0,0.0
160,before,0.36593646499795623,4676729.5,12780168.0,2.1011109352111816
160,baseline_compensated,0.6156750443343155,7868430.5,12780168.0,0.8466652035713196
160,physics_compensated,0.5779402117405655,7386173.0,12780168.0,0.8790866136550903
160,ideal,1.0,12780168.0,12780168.0,0.0
161,before,0.29352730339695066,3751328.25,12780168.0,1.9775470495224
161,baseline_compensated,0.6140166154310335,7847235.5,12780168.0,1.213665246963501
161,physics_compensated,0.6516183903059803,8327792.5,12780168.0,1.02132248878479
161,ideal,1.0,12780168.0,12780168.0,0.0
162,before,0.30560711330242296,3905710.25,12780168.0,1.7437576055526733
162,baseline_compensated,0.35730668798720017,4566439.5,12780168.0,1.0599726438522339
162,physics_compensated,0.479234936504747,6124703.0,12780168.0,0.9293655157089233
162,ideal,1.0,12780168.0,12780168.0,0.0
163,before,0.3535835757401624,4518857.5,12780168.0,1.754109501838684
163,baseline_compensated,0.5674533386415578,7252149.0,12780168.0,0.8128945231437683
163,physics_compensated,0.5134284228501534,6561701.5,12780168.0,0.8907293677330017
163,ideal,1.0,12780168.0,12780168.0,0.0
164,before,0.429507460308816,5489177.5,12780168.0,1.804829478263855
164,baseline_compensated,0.43660678012996385,5579908.0,12780168.0,0.9540339112281799
164,physics_compensated,0.4312115067657952,5510955.5,12780168.0,1.0701802968978882
164,ideal,1.0,12780168.0,12780168.0,0.0
165,before,0.40923174875322454,5230050.5,12780168.0,2.1663615703582764
165,baseline_compensated,0.9103557950098935,11634500.0,12780168.0,0.4781237840652466
165,physics_compensated,0.9403313008091913,12017592.0,12780168.0,0.43500468134880066
165,ideal,1.0,12780168.0,12780168.0,0.0
166,before,0.4467623978025954,5709698.5,12780168.0,1.7588094472885132
166,baseline_compensated,0.803869088418869,10273582.0,12780168.0,1.055507779121399
166,physics_compensated,0.7261219101345147,9279960.0,12780168.0,1.1662417650222778
166,ideal,1.0,12780168.0,12780168.0,0.0
167,before,0.3291417608907802,4206487.0,12780168.0,2.2569379806518555
167,baseline_compensated,0.5053863924167507,6458923.0,12780168.0,1.160934329032898
167,physics_compensated,0.48501357728630795,6198555.0,12780168.0,1.267886996269226
167,ideal,1.0,12780168.0,12780168.0,0.0
168,before,0.588052402754017,7515408.5,12780168.0,1.4001290798187256
168,baseline_compensated,0.9683273334122056,12375386.0,12780168.0,0.33184099197387695
168,physics_compensated,0.9332447742470991,11927025.0,12780168.0,0.37063485383987427
168,ideal,1.0,12780168.0,12780168.0,0.0
169,before,0.4505719721368295,5758385.5,12780168.0,1.264936089515686
169,baseline_compensated,0.6346966252712797,8111529.5,12780168.0,0.8402074575424194
169,physics_compensated,0.5332411514465225,6814911.5,12780168.0,0.9352671504020691
169,ideal,1.0,12780168.0,12780168.0,0.0
170,before,0.3838499619097339,4905667.0,12780168.0,1.8917696475982666
170,baseline_compensated,0.3614446226371985,4619323.0,12780168.0,1.6276684999465942
170,physics_compensated,0.2896989108437385,3702400.75,12780168.0,1.3737865686416626
170,ideal,1.0,12780168.0,12780168.0,0.0
171,before,0.524371588855483,6701557.0,12780168.0,1.61928129196167
171,baseline_compensated,0.7739957721995517,9891796.0,12780168.0,1.1100457906723022
171,physics_compensated,0.7791236390632736,9957331.0,12780168.0,1.0907907485961914
171,ideal,1.0,12780168.0,12780168.0,0.0
172,before,0.4333684815410877,5538522.0,12780168.0,1.9046040773391724
172,baseline_compensated,0.7041016988196086,8998538.0,12780168.0,1.099684238433838
172,physics_compensated,0.7213996717414043,9219609.0,12780168.0,1.0904812812805176
172,ideal,1.0,12780168.0,12780168.0,0.0
173,before,0.33622296670904483,4296986.0,12780168.0,1.3511539697647095
173,baseline_compensated,0.4232039829210383,5408618.0,12780168.0,0.9861227869987488
173,physics_compensated,0.467106770427431,5969703.0,12780168.0,0.9349715113639832
173,ideal,1.0,12780168.0,12780168.0,0.0
174,before,0.22900459915706897,2926717.25,12780168.0,1.6374428272247314
174,baseline_compensated,0.7409117000652886,9468976.0,12780168.0,0.7028540968894958
174,physics_compensated,0.6965862264095433,8902489.0,12780168.0,0.6474496126174927
174,ideal,1.0,12780168.0,12780168.0,0.0
175,before,0.640938131642714,8191297.0,12780168.0,1.5166047811508179
175,baseline_compensated,0.7068400822274011,9033535.0,12780168.0,0.7429141998291016
175,physics_compensated,0.7312814667225032,9345900.0,12780168.0,0.7307235598564148
175,ideal,1.0,12780168.0,12780168.0,0.0
176,before,0.3677605802991009,4700042.0,12780168.0,1.7994588613510132
176,baseline_compensated,0.2949031069075148,3768911.25,12780168.0,1.6527599096298218
176,physics_compensated,0.371545859178064,4748418.5,12780168.0,1.6114249229431152
176,ideal,1.0,12780168.0,12780168.0,0.0
177,before,0.37658491656760695,4812818.5,12780168.0,2.217991590499878
177,baseline_compensated,0.7540716209677368,9637162.0,12780168.0,0.6954996585845947
177,physics_compensated,0.6943046445085855,8873330.0,12780168.0,0.7528647184371948
177,ideal,1.0,12780168.0,12780168.0,0.0
178,before,0.3001189225368555,3835570.25,12780168.0,1.6748912334442139
178,baseline_compensated,0.3767626528853142,4815090.0,12780168.0,1.067211627960205
178,physics_compensated,0.4442280414467165,5677309.0,12780168.0,1.327832579612732
178,ideal,1.0,12780168.0,12780168.0,0.0
179,before,0.3006467129383589,3842315.5,12780168.0,1.963633418083191
179,baseline_compensated,0.6764265540171303,8644845.0,12780168.0,0.8957661390304565
179,physics_compensated,0.7040986472165311,8998499.0,12780168.0,0.9214382171630859
179,ideal,1.0,12780168.0,12780168.0,0.0
180,before,0.4184584271505664,5347969.0,12780168.0,2.310865879058838
180,baseline_compensated,0.5339245931665374,6823646.0,12780168.0,0.8428014516830444
180,physics_compensated,0.7810895756612902,9982456.0,12780168.0,0.6238535642623901
180,ideal,1.0,12780168.0,12780168.0,0.0
181,before,0.39951955248162624,5105927.0,12780168.0,1.9726359844207764
181,baseline_compensated,0.8486706121547072,10846153.0,12780168.0,0.7638261914253235
181,physics_compensated,0.8743391323181354,11174201.0,12780168.0,0.7587663531303406
181,ideal,1.0,12780168.0,12780168.0,0.0
182,before,0.4672502740183071,5971537.0,12780168.0,1.3697831630706787
182,baseline_compensated,0.6509092055753883,8318729.0,12780168.0,1.1684050559997559
182,physics_compensated,0.6351886767059713,8117818.0,12780168.0,1.1893939971923828
182,ideal,1.0,12780168.0,12780168.0,0.0
183,before,0.30491469282719913,3896861.0,12780168.0,1.8961035013198853
183,baseline_compensated,0.7995822120648179,10218795.0,12780168.0,1.1318490505218506
183,physics_compensated,0.554877252004825,7091424.5,12780168.0,1.541579246520996
183,ideal,1.0,12780168.0,12780168.0,0.0
184,before,0.2942418284329283,3760460.0,12780168.0,1.5056651830673218
184,baseline_compensated,0.9432189780290838,12054497.0,12780168.0,0.30213165283203125
184,physics_compensated,0.9135303229190728,11675071.0,12780168.0,0.3738534450531006
184,ideal,1.0,12780168.0,12780168.0,0.0
185,before,0.29548171823719377,3776306.0,12780168.0,2.23551607131958
185,baseline_compensated,0.6477790432801822,8278725.0,12780168.0,0.702178955078125
185,physics_compensated,0.669566941530033,8557178.0,12780168.0,0.6778864860534668
185,ideal,1.0,12780168.0,12780168.0,0.0
186,before,0.3513095054775493,4489794.5,12780168.0,1.6945043802261353
186,baseline_compensated,0.9596256481135459,12264177.0,12780168.0,0.3317267596721649
186,physics_compensated,0.9571414084697478,12232428.0,12780168.0,0.34535685181617737
186,ideal,1.0,12780168.0,12780168.0,0.0
187,before,0.313307814106982,4004126.5,12780168.0,1.9988412857055664
187,baseline_compensated,0.6604550894792619,8440727.0,12780168.0,0.7051857709884644
187,physics_compensated,0.6936487845856173,8864948.0,12780168.0,0.6599791646003723
187,ideal,1.0,12780168.0,12780168.0,0.0
188,before,0.36029475512371983,4604627.5,12780168.0,1.3926234245300293
188,baseline_compensated,0.687305127757319,8783875.0,12780168.0,0.9586880803108215
188,physics_compensated,0.8049208742795869,10287024.0,12780168.0,0.7684306502342224
188,ideal,1.0,12780168.0,12780168.0,0.0
189,before,0.33164098468815123,4238427.5,12780168.0,2.0496699810028076
189,baseline_compensated,0.803155561022359,10264463.0,12780168.0,0.6108590960502625
189,physics_compensated,0.7394750209856397,9450615.0,12780168.0,0.6808193922042847
189,ideal,1.0,12780168.0,12780168.0,0.0
190,before,0.425037605139463,5432052.0,12780168.0,1.8761653900146484
190,baseline_compensated,0.37681136116520536,4815712.5,12780168.0,1.1800659894943237
190,physics_compensated,0.3668216255060184,4688042.0,12780168.0,1.1283339262008667
190,ideal,1.0,12780168.0,12780168.0,0.0
191,before,0.4037921097750828,5160531.0,12780168.0,1.978276014328003
191,baseline_compensated,0.6426138920865516,8212713.5,12780168.0,0.7093027830123901
191,physics_compensated,0.6989849429209382,8933145.0,12780168.0,0.637356162071228
191,ideal,1.0,12780168.0,12780168.0,0.0
192,before,0.2847114372831406,3638660.0,12780168.0,2.25956130027771
192,baseline_compensated,0.7791093982489119,9957149.0,12780168.0,0.5926435589790344
192,physics_compensated,0.9191883080097225,11747381.0,12780168.0,0.3124023973941803
192,ideal,1.0,12780168.0,12780168.0,0.0
193,before,0.3845692404043515,4914859.5,12780168.0,1.3166224956512451
193,baseline_compensated,0.6115529936695668,7815750.0,12780168.0,0.7687336802482605
193,physics_compensated,0.5951741401208498,7606425.5,12780168.0,0.8144098520278931
193,ideal,1.0,12780168.0,12780168.0,0.0
194,before,0.47912421808539607,6123288.0,12780168.0,1.8621708154678345
194,baseline_compensated,0.7536191230037038,9631379.0,12780168.0,1.0279687643051147
194,physics_compensated,0.7646138923995365,9771894.0,12780168.0,1.025274634361267
194,ideal,1.0,12780168.0,12780168.0,0.0
195,before,0.33906670866924443,4333329.5,12780168.0,1.916972279548645
195,baseline_compensated,0.9316101321985751,11906134.0,12780168.0,0.45127072930336
195,physics_compensated,0.8811444419196993,11261174.0,12780168.0,0.40745118260383606
195,ideal,1.0,12780168.0,12780168.0,0.0
196,before,0.30436325250184504,3889813.5,12780168.0,1.5968719720840454
196,baseline_compensated,0.7379367782958721,9430956.0,12780168.0,0.6026941537857056
196,physics_compensated,0.7650516800718112,9777489.0,12780168.0,0.5568959712982178
196,ideal,1.0,12780168.0,12780168.0,0.0
197,before,0.3026632944105273,3868087.75,12780168.0,1.921156644821167
197,baseline_compensated,0.3998968558159799,5110749.0,12780168.0,1.3412145376205444
197,physics_compensated,0.2893686726183881,3698180.25,12780168.0,1.571610689163208
197,ideal,1.0,12780168.0,12780168.0,0.0
198,before,0.34718882412187385,4437131.5,12780168.0,1.798727035522461
198,baseline_compensated,0.3239134649873147,4139668.5,12780168.0,1.7211356163024902
198,physics_compensated,0.522603067502712,6678955.0,12780168.0,1.5501937866210938
198,ideal,1.0,12780168.0,12780168.0,0.0
199,before,0.3658055199274376,4675056.0,12780168.0,1.933266520500183
199,baseline_compensated,0.8696535914081881,11114319.0,12780168.0,0.6927992105484009
199,physics_compensated,0.8754948291759544,11188971.0,12780168.0,0.6807592511177063
199,ideal,1.0,12780168.0,12780168.0,0.0
200,before,0.6476403127095043,8276952.0,12780168.0,1.3475406169891357
200,baseline_compensated,0.8016867227410469,10245691.0,12780168.0,1.0545779466629028
200,physics_compensated,0.821309547730515,10496474.0,12780168.0,1.0280687808990479
200,ideal,1.0,12780168.0,12780168.0,0.0
201,before,0.2739914295336337,3501656.5,12780168.0,2.3089568614959717
201,baseline_compensated,0.5827281378460752,7447363.5,12780168.0,0.9486358165740967
201,physics_compensated,0.7851340451862605,10034145.0,12780168.0,0.5778874754905701
201,ideal,1.0,12780168.0,12780168.0,0.0
202,before,0.4616659186326815,5900168.0,12780168.0,1.0313736200332642
202,baseline_compensated,0.9127677351346242,11665325.0,12780168.0,0.4374373257160187
202,physics_compensated,0.9012340056875622,11517922.0,12780168.0,0.4210541844367981
202,ideal,1.0,12780168.0,12780168.0,0.0
203,before,0.2885063013256164,3687159.0,12780168.0,1.7670979499816895
203,baseline_compensated,0.41276476177777943,5275203.0,12780168.0,1.0032591819763184
203,physics_compensated,0.3508055214923622,4483353.5,12780168.0,1.075136423110962
203,ideal,1.0,12780168.0,12780168.0,0.0
204,before,0.3156380260415982,4033907.0,12780168.0,1.6814801692962646
204,baseline_compensated,0.6345404849138133,8109534.0,12780168.0,0.7195162773132324
204,physics_compensated,0.6318781177211442,8075508.5,12780168.0,0.732098400592804
204,ideal,1.0,12780168.0,12780168.0,0.0
205,before,0.3387842397689921,4329719.5,12780168.0,2.350335121154785
205,baseline_compensated,0.8500759144950207,10864113.0,12780168.0,0.6465454697608948
205,physics_compensated,0.859555289101051,10985261.0,12780168.0,0.6853287816047668
205,ideal,1.0,12780168.0,12780168.0,0.0
206,before,0.49073842378284854,6271719.5,12780168.0,2.00960373878479
206,baseline_compensated,0.7567485810828152,9671374.0,12780168.0,0.6121302247047424
206,physics_compensated,0.7260351350623873,9278851.0,12780168.0,0.6476938128471375
206,ideal,1.0,12780168.0,12780168.0,0.0
207,before,0.29004943440493114,3706880.5,12780168.0,1.7748665809631348
207,baseline_compensated,0.7137748110979448,9122162.0,12780168.0,0.8265225291252136
207,physics_compensated,0.47848522022558704,6115121.5,12780168.0,1.2541625499725342
207,ideal,1.0,12780168.0,12780168.0,0.0
208,before,0.2652345219562059,3389741.75,12780168.0,1.9186533689498901
208,baseline_compensated,0.6292198193325784,8041535.0,12780168.0,0.7807636857032776
208,physics_compensated,0.39077506649364857,4994171.0,12780168.0,1.1330012083053589
208,ideal,1.0,12780168.0,12780168.0,0.0
209,before,0.2912627204900593,3722386.5,12780168.0,1.8411924839019775
209,baseline_compensated,0.655096278859558,8372240.5,12780168.0,0.7343057990074158
209,physics_compensated,0.5408568964038657,6912242.0,12780168.0,1.0524530410766602
209,ideal,1.0,12780168.0,12780168.0,0.0
210,before,0.19818485562944085,2532835.75,12780168.0,1.5416878461837769
210,baseline_compensated,0.6502575709489891,8310401.0,12780168.0,0.6980626583099365
210,physics_compensated,0.7212454484166405,9217638.0,12780168.0,0.6710582375526428
210,ideal,1.0,12780168.0,12780168.0,0.0
211,before,0.2948975905481055,3768840.75,12780168.0,2.0969393253326416
211,baseline_compensated,0.31808881542089273,4065228.5,12780168.0,1.3609631061553955
211,physics_compensated,0.31878501127684705,4074126.0,12780168.0,1.3175601959228516
211,ideal,1.0,12780168.0,12780168.0,0.0
212,before,0.5499720739195291,7028735.5,12780168.0,1.698012113571167
212,baseline_compensated,0.7426681714982151,9491424.0,12780168.0,1.0074931383132935
212,physics_compensated,0.7877515381644435,10067597.0,12780168.0,0.9949172139167786
212,ideal,1.0,12780168.0,12780168.0,0.0
213,before,0.456585860217174,5835244.0,12780168.0,1.4858014583587646
213,baseline_compensated,0.5267290696022149,6731686.0,12780168.0,1.5195138454437256
213,physics_compensated,0.41722229316547327,5332171.0,12780168.0,1.3000751733779907
213,ideal,1.0,12780168.0,12780168.0,0.0
214,before,0.31231203298735977,3991400.25,12780168.0,2.3971309661865234
214,baseline_compensated,0.9394022832876688,12005719.0,12780168.0,0.4539352357387543
214,physics_compensated,0.8437757625721352,10783596.0,12780168.0,0.5104376077651978
214,ideal,1.0,12780168.0,12780168.0,0.0
215,before,0.7774188883901996,9935544.0,12780168.0,1.086338758468628
215,baseline_compensated,0.8833921432018734,11289900.0,12780168.0,0.39908450841903687
215,physics_compensated,0.8933381783400657,11417012.0,12780168.0,0.4073518216609955
215,ideal,1.0,12780168.0,12780168.0,0.0
216,before,0.408251753811061,5217526.0,12780168.0,2.2629218101501465
216,baseline_compensated,0.9152220847175092,11696692.0,12780168.0,0.3195326328277588
216,physics_compensated,0.9024149760785617,11533015.0,12780168.0,0.3510677218437195
216,ideal,1.0,12780168.0,12780168.0,0.0
217,before,0.3438404722066251,4394339.0,12780168.0,2.38010311126709
217,baseline_compensated,0.42382627521015376,5416571.0,12780168.0,1.116723656654358
217,physics_compensated,0.5078916411740441,6490940.5,12780168.0,0.9799346327781677
217,ideal,1.0,12780168.0,12780168.0,0.0
218,before,0.33463065587244234,4276636.0,12780168.0,2.1411445140838623
218,baseline_compensated,0.7842432118263234,10022760.0,12780168.0,0.7028723955154419
218,physics_compensated,0.7380711270775158,9432673.0,12780168.0,0.7484354376792908
218,ideal,1.0,12780168.0,12780168.0,0.0
219,before,0.5598790250644593,7155348.0,12780168.0,1.9022912979125977
219,baseline_compensated,0.8941364464066514,11427214.0,12780168.0,0.6890766620635986
219,physics_compensated,0.888002958959538,11348827.0,12780168.0,0.6860809326171875
219,ideal,1.0,12780168.0,12780168.0,0.0
220,before,0.5203849824196364,6650607.5,12780168.0,1.996124267578125
220,baseline_compensated,0.8472184403209723,10827594.0,12780168.0,1.000846266746521
220,physics_compensated,0.8297682784764645,10604578.0,12780168.0,1.0349469184875488
220,ideal,1.0,12780168.0,12780168.0,0.0
221,before,0.3322269316021511,4245916.0,12780168.0,1.823421835899353
221,baseline_compensated,0.8252585568515218,10546943.0,12780168.0,0.9610134363174438
221,physics_compensated,0.8389412408350188,10721810.0,12780168.0,1.046686053276062
221,ideal,1.0,12780168.0,12780168.0,0.0
222,before,0.34402740245668134,4396728.0,12780168.0,1.622995138168335
222,baseline_compensated,0.29902406212500493,3821577.75,12780168.0,1.404658317565918
222,physics_compensated,0.3838778958148281,4906024.0,12780168.0,1.4849967956542969
222,ideal,1.0,12780168.0,12780168.0,0.0
223,before,0.34777344084991685,4444603.0,12780168.0,1.70197331905365
223,baseline_compensated,0.5302325055507877,6776460.5,12780168.0,1.1086106300354004
223,physics_compensated,0.4236800330011311,5414702.0,12780168.0,1.275543212890625
223,ideal,1.0,12780168.0,12780168.0,0.0
224,before,0.37068260761517374,4737386.0,12780168.0,1.3988726139068604
224,baseline_compensated,0.6062977419389166,7748587.0,12780168.0,0.8123738765716553
224,physics_compensated,0.51053589436383,6524734.5,12780168.0,1.0579555034637451
224,ideal,1.0,12780168.0,12780168.0,0.0
225,before,0.6125923775023928,7829033.5,12780168.0,1.7653623819351196
225,baseline_compensated,0.9035654304387861,11547718.0,12780168.0,0.35038381814956665
225,physics_compensated,0.8594334597166485,10983704.0,12780168.0,0.4449271261692047
225,ideal,1.0,12780168.0,12780168.0,0.0
226,before,0.298334419391044,3812764.0,12780168.0,2.0918514728546143
226,baseline_compensated,0.5228251694343924,6681793.5,12780168.0,1.2518812417984009
226,physics_compensated,0.5919940567291447,7565783.5,12780168.0,1.166074514389038
226,ideal,1.0,12780168.0,12780168.0,0.0
227,before,0.41092175001142395,5251649.0,12780168.0,1.2209382057189941
227,baseline_compensated,0.8514989004839373,10882299.0,12780168.0,0.44004419445991516
227,physics_compensated,0.8011889984544804,10239330.0,12780168.0,0.501900851726532
227,ideal,1.0,12780168.0,12780168.0,0.0
228,before,0.4556640804721816,5823463.5,12780168.0,1.095819354057312
228,baseline_compensated,0.48219949064832324,6162590.5,12780168.0,0.9153538942337036
228,physics_compensated,0.5397586322808902,6898206.0,12780168.0,0.8486026525497437
228,ideal,1.0,12780168.0,12780168.0,0.0
229,before,0.49438688912383627,6318347.5,12780168.0,1.7715044021606445
229,baseline_compensated,0.7862523403448217,10048437.0,12780168.0,0.6034542918205261
229,physics_compensated,0.8421127953873533,10762343.0,12780168.0,0.5047519207000732
229,ideal,1.0,12780168.0,12780168.0,0.0
230,before,0.6343032032129781,8106501.5,12780168.0,1.3616265058517456
230,baseline_compensated,0.8390950729286187,10723776.0,12780168.0,0.500093400478363
230,physics_compensated,0.8284652439623642,10587925.0,12780168.0,0.540917158126831
230,ideal,1.0,12780168.0,12780168.0,0.0
231,before,0.3127999569332735,3997636.0,12780168.0,1.4544944763183594
231,baseline_compensated,0.3600473014126262,4601465.0,12780168.0,1.2301286458969116
231,physics_compensated,0.3648842487829581,4663282.0,12780168.0,1.2818472385406494
231,ideal,1.0,12780168.0,12780168.0,0.0
232,before,0.496401846986675,6344099.0,12780168.0,1.3593075275421143
232,baseline_compensated,0.6639819601745455,8485801.0,12780168.0,0.8224921822547913
232,physics_compensated,0.6496849650176743,8303083.0,12780168.0,0.85029536485672
232,ideal,1.0,12780168.0,12780168.0,0.0
233,before,0.5176142050714826,6615196.5,12780168.0,1.7732242345809937
233,baseline_compensated,0.3356821678713457,4290074.5,12780168.0,1.5509501695632935
233,physics_compensated,0.42002366479063497,5367973.0,12780168.0,1.6071560382843018
233,ideal,1.0,12780168.0,12780168.0,0.0
234,before,0.5356427630685293,6845604.5,12780168.0,1.5307705402374268
234,baseline_compensated,0.7233515240175247,9244554.0,12780168.0,0.8539469242095947
234,physics_compensated,0.7077020427274509,9044551.0,12780168.0,0.8722096085548401
234,ideal,1.0,12780168.0,12780168.0,0.0
235,before,0.5567441679952877,7115284.0,12780168.0,1.3126952648162842
235,baseline_compensated,0.9068423826666442,11589598.0,12780168.0,0.35087743401527405
235,physics_compensated,0.900697549515781,11511066.0,12780168.0,0.3524652421474457
235,ideal,1.0,12780168.0,12780168.0,0.0
236,before,0.23350671133587603,2984255.0,12780168.0,1.8633254766464233
236,baseline_compensated,0.7870880101106652,10059117.0,12780168.0,0.7181395292282104
236,physics_compensated,0.8558637100858142,10938082.0,12780168.0,0.47120583057403564
236,ideal,1.0,12780168.0,12780168.0,0.0
237,before,0.3829590503035641,4894281.0,12780168.0,1.4118812084197998
237,baseline_compensated,0.7722029945146262,9868884.0,12780168.0,0.9482600688934326
237,physics_compensated,0.80292512586689,10261518.0,12780168.0,0.9029065370559692
237,ideal,1.0,12780168.0,12780168.0,0.0
238,before,0.3087909720748585,3946400.5,12780168.0,1.8767184019088745
238,baseline_compensated,0.5394808972777196,6894656.5,12780168.0,0.9120463728904724
238,physics_compensated,0.7022420206056759,8974771.0,12780168.0,0.6455629467964172
238,ideal,1.0,12780168.0,12780168.0,0.0
239,before,0.3662985103169223,4681356.5,12780168.0,1.6070584058761597
239,baseline_compensated,0.7904272463397978,10101793.0,12780168.0,0.8870991468429565
239,physics_compensated,0.44574817013360074,5696736.5,12780168.0,1.3000537157058716
239,ideal,1.0,12780168.0,12780168.0,0.0
240,before,0.22306614044510212,2850822.75,12780168.0,1.6277568340301514
240,baseline_compensated,0.3207877822889339,4099721.75,12780168.0,1.405150055885315
240,physics_compensated,0.38294336193389633,4894080.5,12780168.0,1.28055739402771
240,ideal,1.0,12780168.0,12780168.0,0.0
241,before,0.3941612504624352,5037447.0,12780168.0,1.94321608543396
241,baseline_compensated,0.7082333346478701,9051341.0,12780168.0,0.8417869210243225
241,physics_compensated,0.6834451628491894,8734544.0,12780168.0,0.8748883605003357
241,ideal,1.0,12780168.0,12780168.0,0.0
242,before,0.5118918624543902,6542064.0,12780168.0,2.190051317214966
242,baseline_compensated,0.832757675798941,10642783.0,12780168.0,1.0688282251358032
242,physics_compensated,0.8346445837018731,10666898.0,12780168.0,1.04108464717865
242,ideal,1.0,12780168.0,12780168.0,0.0
243,before,0.5248337893523778,6707464.0,12780168.0,2.374556303024292
243,baseline_compensated,0.9237269024945525,11805385.0,12780168.0,0.3156401813030243
243,physics_compensated,0.9372160835444416,11977779.0,12780168.0,0.29551374912261963
243,ideal,1.0,12780168.0,12780168.0,0.0
244,before,0.38857266978024074,4966024.0,12780168.0,1.846986174583435
244,baseline_compensated,0.7476597334244746,9555217.0,12780168.0,1.3903089761734009
244,physics_compensated,0.7775935339817129,9937776.0,12780168.0,1.415804386138916
244,ideal,1.0,12780168.0,12780168.0,0.0
245,before,0.35248777637351875,4504853.0,12780168.0,1.6553773880004883
245,baseline_compensated,0.2818639981884432,3602269.25,12780168.0,1.3133667707443237
245,physics_compensated,0.2994347374776294,3826826.25,12780168.0,1.1669681072235107
245,ideal,1.0,12780168.0,12780168.0,0.0
246,before,0.42056462012079965,5374886.5,12780168.0,1.8315839767456055
246,baseline_compensated,0.7622012480587109,9741060.0,12780168.0,1.1559633016586304
246,physics_compensated,0.735398157520308,9398512.0,12780168.0,1.1667321920394897
246,ideal,1.0,12780168.0,12780168.0,0.0
247,before,0.3180642852269235,4064915.0,12780168.0,1.6381386518478394
247,baseline_compensated,0.20283356212531792,2592247.0,12780168.0,1.3135522603988647
247,physics_compensated,0.2753673699751052,3519241.25,12780168.0,1.2204786539077759
247,ideal,1.0,12780168.0,12780168.0,0.0
248,before,0.34869928939901257,4456435.5,12780168.0,1.6040525436401367
248,baseline_compensated,0.5129413400512419,6555476.5,12780168.0,0.9391540288925171
248,physics_compensated,0.47982135289614347,6132197.5,12780168.0,0.9688224792480469
248,ideal,1.0,12780168.0,12780168.0,0.0
249,before,0.3543600522309253,4528781.0,12780168.0,1.7631933689117432
249,baseline_compensated,0.5351997328986599,6839942.5,12780168.0,0.9679549932479858
249,physics_compensated,0.539263529243121,6891878.5,12780168.0,0.9841060042381287
249,ideal,1.0,12780168.0,12780168.0,0.0
250,before,0.246411256096164,3149177.25,12780168.0,1.9768859148025513
250,baseline_compensated,0.754862377395978,9647268.0,12780168.0,0.5651538372039795
250,physics_compensated,0.6806181264596834,8698414.0,12780168.0,0.6611038446426392
250,ideal,1.0,12780168.0,12780168.0,0.0
251,before,0.23556615218203705,3010575.0,12780168.0,2.4669077396392822
251,baseline_compensated,0.7048991844238667,9008730.0,12780168.0,0.654386579990387
251,physics_compensated,0.7025571964312206,8978799.0,12780168.0,0.6862604022026062
251,ideal,1.0,12780168.0,12780168.0,0.0
252,before,0.339103367029291,4333798.0,12780168.0,1.2038758993148804
252,baseline_compensated,0.9063953619389041,11583885.0,12780168.0,0.5905208587646484
252,physics_compensated,0.8550691978384009,10927928.0,12780168.0,0.6152898073196411
252,ideal,1.0,12780168.0,12780168.0,0.0
253,before,0.3779980826543125,4830879.0,12780168.0,2.0951459407806396
253,baseline_compensated,0.632578499750551,8084459.5,12780168.0,0.749870240688324
253,physics_compensated,0.5996573362728878,7663721.5,12780168.0,0.7686430811882019
253,ideal,1.0,12780168.0,12780168.0,0.0
254,before,0.31251226509698465,3993959.25,12780168.0,1.6514248847961426
254,baseline_compensated,0.8654015346277139,11059977.0,12780168.0,0.7149513363838196
254,physics_compensated,0.9463103301928425,12094005.0,12780168.0,0.5897652506828308
254,ideal,1.0,12780168.0,12780168.0,0.0
255,before,0.27810141071697964,3554182.75,12780168.0,1.5731464624404907
255,baseline_compensated,0.5365048018148119,6856621.5,12780168.0,0.8777679800987244
255,physics_compensated,0.7112144378696743,9089440.0,12780168.0,0.6331365704536438
255,ideal,1.0,12780168.0,12780168.0,0.0
