model_name,sample_index,channel,center_y,center_x,mean_radius_px,top_fraction,top_energy_ratio,plane_1_energy_ratio,plane_2_energy_ratio,figure_path
dual_plane_fusion_cnn,0,1,60.701492890052954,63.72086806357725,56.386629579497985,0.1,0.45070984161237515,0.9452254976571449,0.054774508059030794,result\figures\cycle43_attribution_cycle42_64\dual_plane_fusion_cnn_sample0.png
dual_plane_fusion_cnn,0,2,78.0590452370356,75.31934564776996,26.427646815320102,0.1,0.7575755215718698,0.0941523976069857,0.905847614739338,result\figures\cycle43_attribution_cycle42_64\dual_plane_fusion_cnn_sample0.png
dual_plane_fusion_cnn,0,3,70.48850512863207,72.4588847775543,36.7318993075184,0.1,0.6068762253654586,0.3826760090953067,0.6173240244202103,result\figures\cycle43_attribution_cycle42_64\dual_plane_fusion_cnn_sample0.png
dual_plane_fusion_cnn,0,4,59.752207742359545,63.76629969634488,57.30077004769839,0.1,0.4501353434647809,0.9577468345422006,0.042253201327822155,result\figures\cycle43_attribution_cycle42_64\dual_plane_fusion_cnn_sample0.png
dual_plane_fusion_cnn,0,5,68.50147805676178,69.82104316682738,40.14908499043448,0.1,0.551773780216199,0.4168815394072449,0.5831184605927542,result\figures\cycle43_attribution_cycle42_64\dual_plane_fusion_cnn_sample0.png
dual_plane_fusion_cnn,0,6,73.24251141658972,72.49092417914521,33.46995409766734,0.1,0.6526687429421784,0.3219585512500015,0.6780414090855129,result\figures\cycle43_attribution_cycle42_64\dual_plane_fusion_cnn_sample0.png
dual_plane_fusion_cnn,1,1,66.17905537616689,67.00772596332706,53.04611654020793,0.1,0.479982966652752,0.9660807954754188,0.03391924026150853,result\figures\cycle43_attribution_cycle42_64\dual_plane_fusion_cnn_sample1.png
dual_plane_fusion_cnn,1,2,71.1591244005116,73.67935101077498,38.386973988423634,0.1,0.5463422400673976,0.41143296426078024,0.5885670357392185,result\figures\cycle43_attribution_cycle42_64\dual_plane_fusion_cnn_sample1.png
dual_plane_fusion_cnn,1,3,80.92273585308737,79.28153253389077,27.81801704294819,0.1,0.7000930101589788,0.38649909336429195,0.6135009483392769,result\figures\cycle43_attribution_cycle42_64\dual_plane_fusion_cnn_sample1.png
dual_plane_fusion_cnn,1,4,65.79327788410033,66.48239083998511,53.162836276346354,0.1,0.4786103634642249,0.9519306064013644,0.048069424496115634,result\figures\cycle43_attribution_cycle42_64\dual_plane_fusion_cnn_sample1.png
dual_plane_fusion_cnn,1,5,68.40944833358992,70.30588067638021,45.958898494039296,0.1,0.4643483552834474,0.6256102133496867,0.37438978665031264,result\figures\cycle43_attribution_cycle42_64\dual_plane_fusion_cnn_sample1.png
dual_plane_fusion_cnn,1,6,75.23627810571695,79.12229033438165,29.66503778739696,0.1,0.7018404300426129,0.2726025528828202,0.7273974117265273,result\figures\cycle43_attribution_cycle42_64\dual_plane_fusion_cnn_sample1.png
dual_plane_fusion_cnn,2,1,72.03332731756694,78.93128412987357,37.539371475894754,0.1,0.5966921499835712,0.8522459019856578,0.14775406730901616,result\figures\cycle43_attribution_cycle42_64\dual_plane_fusion_cnn_sample2.png
dual_plane_fusion_cnn,2,2,77.47631714594473,71.6723192106033,31.293651797912524,0.1,0.6562008581214996,0.3830052139012354,0.6169948329863642,result\figures\cycle43_attribution_cycle42_64\dual_plane_fusion_cnn_sample2.png
dual_plane_fusion_cnn,2,3,74.91125643329518,81.01432502576897,30.143113510209837,0.1,0.6719666837289625,0.3490214198803479,0.6509785403409399,result\figures\cycle43_attribution_cycle42_64\dual_plane_fusion_cnn_sample2.png
dual_plane_fusion_cnn,2,4,72.86580265349743,78.43181958388149,37.986545729602064,0.1,0.58141471808292,0.8355781404738168,0.16442182361884178,result\figures\cycle43_attribution_cycle42_64\dual_plane_fusion_cnn_sample2.png
dual_plane_fusion_cnn,2,5,77.88475543977192,71.01791546229555,31.454555374747454,0.1,0.6463234627614806,0.41282379158062654,0.5871762084193715,result\figures\cycle43_attribution_cycle42_64\dual_plane_fusion_cnn_sample2.png
dual_plane_fusion_cnn,2,6,77.55879057278838,76.61496800864933,29.1190185880124,0.1,0.6929232093438856,0.3191126714561614,0.6808872900645142,result\figures\cycle43_attribution_cycle42_64\dual_plane_fusion_cnn_sample2.png
dual_plane_fusion_cnn,3,1,66.58233576648485,69.51402030832081,51.352221688978645,0.1,0.49349423190779745,0.9748641170736271,0.025135867366546265,result\figures\cycle43_attribution_cycle42_64\dual_plane_fusion_cnn_sample3.png
dual_plane_fusion_cnn,3,2,71.38297150863846,74.05306129784637,30.742915299365816,0.1,0.688984837504091,0.2660258511441436,0.733974178018209,result\figures\cycle43_attribution_cycle42_64\dual_plane_fusion_cnn_sample3.png
dual_plane_fusion_cnn,3,3,72.660138736208,77.25471069246758,35.523113832143856,0.1,0.6196366753781252,0.4564940045712051,0.5435059954287925,result\figures\cycle43_attribution_cycle42_64\dual_plane_fusion_cnn_sample3.png
dual_plane_fusion_cnn,3,4,66.46127124601287,69.19597689853052,51.58333816723576,0.1,0.49225214530550415,0.9849087010760036,0.015091328593979228,result\figures\cycle43_attribution_cycle42_64\dual_plane_fusion_cnn_sample3.png
dual_plane_fusion_cnn,3,5,70.17740150912456,73.89236587670457,38.3372163172494,0.1,0.5699914082847902,0.5368706907708406,0.463129349722772,result\figures\cycle43_attribution_cycle42_64\dual_plane_fusion_cnn_sample3.png
dual_plane_fusion_cnn,3,6,77.79364023014219,82.2471976225768,23.38392170250682,0.1,0.8204445356997778,0.032345208899800956,0.9676547977393531,result\figures\cycle43_attribution_cycle42_64\dual_plane_fusion_cnn_sample3.png
dual_plane_fusion_cnn,4,1,73.19950988654269,82.18100614023619,29.654410242328876,0.1,0.7147885459580567,0.772242813176358,0.22775716150481634,result\figures\cycle43_attribution_cycle42_64\dual_plane_fusion_cnn_sample4.png
dual_plane_fusion_cnn,4,2,78.33584730824398,73.39498004202738,26.39011182558817,0.1,0.7550917717587962,0.22877266408065217,0.771227287310058,result\figures\cycle43_attribution_cycle42_64\dual_plane_fusion_cnn_sample4.png
dual_plane_fusion_cnn,4,3,80.64871485201162,78.86971460214329,23.98328146800334,0.1,0.8005707343369203,0.10113315294715758,0.8988668718484186,result\figures\cycle43_attribution_cycle42_64\dual_plane_fusion_cnn_sample4.png
dual_plane_fusion_cnn,4,4,73.22783886173491,81.1515238047804,27.80264917275182,0.1,0.7327645862172035,0.7677900793565635,0.2322098714379928,result\figures\cycle43_attribution_cycle42_64\dual_plane_fusion_cnn_sample4.png
dual_plane_fusion_cnn,4,5,79.66175412193171,73.04070008570581,25.171186017673925,0.1,0.7755730633264061,0.2174073247941128,0.7825927346557504,result\figures\cycle43_attribution_cycle42_64\dual_plane_fusion_cnn_sample4.png
dual_plane_fusion_cnn,4,6,80.12039183517459,79.97434093311433,24.362315699042735,0.1,0.7904568344622704,0.1358054128893868,0.8641945618490329,result\figures\cycle43_attribution_cycle42_64\dual_plane_fusion_cnn_sample4.png
dual_plane_fusion_cnn,5,1,77.82428214346001,76.00829923758273,28.050528904720224,0.1,0.7380215615564287,0.8128098365172323,0.1871901896923381,result\figures\cycle43_attribution_cycle42_64\dual_plane_fusion_cnn_sample5.png
dual_plane_fusion_cnn,5,2,79.39278375831438,75.75331539164519,27.039097437761598,0.1,0.7454866902243276,0.13623734985339991,0.863762705392238,result\figures\cycle43_attribution_cycle42_64\dual_plane_fusion_cnn_sample5.png
dual_plane_fusion_cnn,5,3,77.18818063519241,80.23673099301801,24.8943465216936,0.1,0.7936420650568123,0.07568346520492328,0.9243165497598494,result\figures\cycle43_attribution_cycle42_64\dual_plane_fusion_cnn_sample5.png
dual_plane_fusion_cnn,5,4,77.60387331659854,76.32909629103807,28.23849856411527,0.1,0.7391120307563579,0.8214999731787638,0.17850003842210868,result\figures\cycle43_attribution_cycle42_64\dual_plane_fusion_cnn_sample5.png
dual_plane_fusion_cnn,5,5,79.37861467038593,75.84747367798361,27.120389398471726,0.1,0.7413434103815015,0.156432658587058,0.8435673568718475,result\figures\cycle43_attribution_cycle42_64\dual_plane_fusion_cnn_sample5.png
dual_plane_fusion_cnn,5,6,77.97479787733437,77.88038535054633,26.32763147307969,0.1,0.7546741798661853,0.2267889801948925,0.7732110635868437,result\figures\cycle43_attribution_cycle42_64\dual_plane_fusion_cnn_sample5.png
dual_plane_fusion_cnn,6,1,73.34122232993973,72.99275924924439,37.27414727193571,0.1,0.606916797351727,0.8887191323194304,0.11128084835686688,result\figures\cycle43_attribution_cycle42_64\dual_plane_fusion_cnn_sample6.png
dual_plane_fusion_cnn,6,2,70.10659506222311,69.40019968109394,33.36663079587799,0.1,0.658700540126608,0.3489591218371228,0.6510408250053112,result\figures\cycle43_attribution_cycle42_64\dual_plane_fusion_cnn_sample6.png
dual_plane_fusion_cnn,6,3,75.29052784583574,81.13435984962702,26.20741862962775,0.1,0.7569696883063967,0.21726973476252015,0.7827302801477075,result\figures\cycle43_attribution_cycle42_64\dual_plane_fusion_cnn_sample6.png
dual_plane_fusion_cnn,6,4,73.05602664387942,70.68944359696664,38.28922231011557,0.1,0.5973309350441757,0.8845417267476641,0.11545825743391415,result\figures\cycle43_attribution_cycle42_64\dual_plane_fusion_cnn_sample6.png
dual_plane_fusion_cnn,6,5,73.99057853476967,74.28190891752662,29.904933938636926,0.1,0.6865162388070638,0.33164223507626533,0.668357787874102,result\figures\cycle43_attribution_cycle42_64\dual_plane_fusion_cnn_sample6.png
dual_plane_fusion_cnn,6,6,76.17578526814948,77.76810382197286,27.996319431183608,0.1,0.7281200770529275,0.23212573877033962,0.7678742612296586,result\figures\cycle43_attribution_cycle42_64\dual_plane_fusion_cnn_sample6.png
dual_plane_fusion_cnn,7,1,73.04972078592041,73.84613713574846,41.712940124835725,0.1,0.5477624813912007,0.8887809083813119,0.11121909161868572,result\figures\cycle43_attribution_cycle42_64\dual_plane_fusion_cnn_sample7.png
dual_plane_fusion_cnn,7,2,75.35248927200522,73.67757248225085,26.667557544279408,0.1,0.7489190078744398,0.21773813784451063,0.7822618894007595,result\figures\cycle43_attribution_cycle42_64\dual_plane_fusion_cnn_sample7.png
dual_plane_fusion_cnn,7,3,76.69856661552684,73.5336435147835,28.50763560736518,0.1,0.713140681626503,0.3200200094802531,0.6799799905197456,result\figures\cycle43_attribution_cycle42_64\dual_plane_fusion_cnn_sample7.png
dual_plane_fusion_cnn,7,4,73.93347739420967,78.85119171786647,38.355277469270256,0.1,0.5882233619021334,0.8300724879886164,0.16992753197810356,result\figures\cycle43_attribution_cycle42_64\dual_plane_fusion_cnn_sample7.png
dual_plane_fusion_cnn,7,5,75.77608014244299,74.38558906133767,29.45228448110287,0.1,0.6884910080284502,0.3658581655130049,0.6341418089887136,result\figures\cycle43_attribution_cycle42_64\dual_plane_fusion_cnn_sample7.png
dual_plane_fusion_cnn,7,6,76.06672147660896,70.64605376645072,30.0699464150667,0.1,0.6942025790284633,0.33906142319686966,0.6609385349041745,result\figures\cycle43_attribution_cycle42_64\dual_plane_fusion_cnn_sample7.png
dual_plane_fusion_cnn,8,1,64.21029574692481,66.77933718215164,52.95672216249376,0.1,0.4656444537774186,0.953465731722555,0.04653427245815079,result\figures\cycle43_attribution_cycle42_64\dual_plane_fusion_cnn_sample8.png
dual_plane_fusion_cnn,8,2,65.72563431472254,68.64050914021016,45.443000504749804,0.1,0.4835374757547303,0.6016383811954109,0.3983616457725831,result\figures\cycle43_attribution_cycle42_64\dual_plane_fusion_cnn_sample8.png
dual_plane_fusion_cnn,8,3,77.77848247012702,78.07107819459031,26.342026019308197,0.1,0.7719118608730234,0.14355284133876045,0.8564471881335042,result\figures\cycle43_attribution_cycle42_64\dual_plane_fusion_cnn_sample8.png
dual_plane_fusion_cnn,8,4,64.44747811741924,65.81141384091835,52.88861924169468,0.1,0.4665991094752685,0.9794715870849681,0.020528410737059827,result\figures\cycle43_attribution_cycle42_64\dual_plane_fusion_cnn_sample8.png
dual_plane_fusion_cnn,8,5,69.96675622852607,73.69978052688582,34.18883764419909,0.1,0.6319616697765802,0.3239485770157003,0.6760514660189653,result\figures\cycle43_attribution_cycle42_64\dual_plane_fusion_cnn_sample8.png
dual_plane_fusion_cnn,8,6,76.43806652568576,78.0622669691544,28.721254984966727,0.1,0.7279449121888243,0.20577193939955568,0.7942280606004414,result\figures\cycle43_attribution_cycle42_64\dual_plane_fusion_cnn_sample8.png
dual_plane_fusion_cnn,9,1,65.87392608082133,67.75979313141957,52.153684585278874,0.1,0.4753950949410601,0.9354433934955765,0.0645566357413387,result\figures\cycle43_attribution_cycle42_64\dual_plane_fusion_cnn_sample9.png
dual_plane_fusion_cnn,9,2,74.29706969999872,73.47250426587453,30.515640444388893,0.1,0.6874328163430355,0.2664736300294881,0.7335264154887151,result\figures\cycle43_attribution_cycle42_64\dual_plane_fusion_cnn_sample9.png
dual_plane_fusion_cnn,9,3,73.35206169656901,73.80979687314657,35.01682413915701,0.1,0.6262670110883247,0.40133332391221327,0.5986666478244269,result\figures\cycle43_attribution_cycle42_64\dual_plane_fusion_cnn_sample9.png
dual_plane_fusion_cnn,9,4,63.38615021998725,63.903547322262945,54.23946334745124,0.1,0.4752657473412681,0.96986614804277,0.030133884658411977,result\figures\cycle43_attribution_cycle42_64\dual_plane_fusion_cnn_sample9.png
dual_plane_fusion_cnn,9,5,69.43426363186859,71.26533686712914,35.60270880517191,0.1,0.6174572749755499,0.34545162705588967,0.6545483729441086,result\figures\cycle43_attribution_cycle42_64\dual_plane_fusion_cnn_sample9.png
dual_plane_fusion_cnn,9,6,73.73462226098243,75.76028061440726,34.36526942728324,0.1,0.6336228412204215,0.41766321778048093,0.5823368388031598,result\figures\cycle43_attribution_cycle42_64\dual_plane_fusion_cnn_sample9.png
dual_plane_fusion_cnn,10,1,79.80413641301473,83.28189641756698,29.317600517754006,0.1,0.717656352718657,0.8032813829701241,0.19671859599029312,result\figures\cycle43_attribution_cycle42_64\dual_plane_fusion_cnn_sample10.png
dual_plane_fusion_cnn,10,2,77.77424831541512,74.10779683168003,26.850393278088898,0.1,0.7351191076316289,0.1798707743985354,0.820129213897136,result\figures\cycle43_attribution_cycle42_64\dual_plane_fusion_cnn_sample10.png
dual_plane_fusion_cnn,10,3,78.70064527087757,81.23709369659268,24.187952960377718,0.1,0.8043617177347344,0.2325788451280473,0.7674211712604896,result\figures\cycle43_attribution_cycle42_64\dual_plane_fusion_cnn_sample10.png
dual_plane_fusion_cnn,10,4,80.2310712090284,77.63792014258173,28.435077403300298,0.1,0.7113376688719965,0.7692766988249531,0.23072332203754056,result\figures\cycle43_attribution_cycle42_64\dual_plane_fusion_cnn_sample10.png
dual_plane_fusion_cnn,10,5,77.29271887781292,74.31903730853541,26.873324063768568,0.1,0.736402391643545,0.15213080242013738,0.8478692191684944,result\figures\cycle43_attribution_cycle42_64\dual_plane_fusion_cnn_sample10.png
dual_plane_fusion_cnn,10,6,77.88068465773034,81.59024845401727,24.094097094751348,0.1,0.8048807962126173,0.16816216868740114,0.8318377931110318,result\figures\cycle43_attribution_cycle42_64\dual_plane_fusion_cnn_sample10.png
dual_plane_fusion_cnn,11,1,60.812255102071745,63.09963858813839,57.083188345545686,0.1,0.4460277439512981,0.9669424319832703,0.0330575460613064,result\figures\cycle43_attribution_cycle42_64\dual_plane_fusion_cnn_sample11.png
dual_plane_fusion_cnn,11,2,70.31637812002947,70.82756038510267,36.12710770227234,0.1,0.6193205564845723,0.3532359744248135,0.6467639946603954,result\figures\cycle43_attribution_cycle42_64\dual_plane_fusion_cnn_sample11.png
dual_plane_fusion_cnn,11,3,77.32387337045515,75.1702547616735,29.086116674297944,0.1,0.7122530588711995,0.29364610975007327,0.7063539091281626,result\figures\cycle43_attribution_cycle42_64\dual_plane_fusion_cnn_sample11.png
dual_plane_fusion_cnn,11,4,61.20580186030258,62.85534758597907,56.853923379438164,0.1,0.4491124156012013,0.9771889202398386,0.022811103195602644,result\figures\cycle43_attribution_cycle42_64\dual_plane_fusion_cnn_sample11.png
dual_plane_fusion_cnn,11,5,72.25382474642085,70.66899477608496,31.114526941812276,0.1,0.6939064637120058,0.27904002517871085,0.7209599445000949,result\figures\cycle43_attribution_cycle42_64\dual_plane_fusion_cnn_sample11.png
dual_plane_fusion_cnn,11,6,70.2076976126513,71.01257418587645,39.87529657079332,0.1,0.5607565621299442,0.4745149493812063,0.5254850847994309,result\figures\cycle43_attribution_cycle42_64\dual_plane_fusion_cnn_sample11.png
dual_plane_fusion_cnn,12,1,67.34754942669964,69.11783778696845,50.6790762931309,0.1,0.4889740006601813,0.9704998359150904,0.029500115710820462,result\figures\cycle43_attribution_cycle42_64\dual_plane_fusion_cnn_sample12.png
dual_plane_fusion_cnn,12,2,71.76797655829694,71.86554535560201,37.67011685736937,0.1,0.5671196616001488,0.43025171290498926,0.5697483162354632,result\figures\cycle43_attribution_cycle42_64\dual_plane_fusion_cnn_sample12.png
dual_plane_fusion_cnn,12,3,73.50491647474384,78.82707778223826,30.23713921808774,0.1,0.6940843641996056,0.25219623678744724,0.7478037632125468,result\figures\cycle43_attribution_cycle42_64\dual_plane_fusion_cnn_sample12.png
dual_plane_fusion_cnn,12,4,67.66505906152253,67.93749865840957,50.68632877524323,0.1,0.4846347676471153,0.9801040726252336,0.01989596178746677,result\figures\cycle43_attribution_cycle42_64\dual_plane_fusion_cnn_sample12.png
dual_plane_fusion_cnn,12,5,77.05594551167388,74.78004198353835,28.706017854531872,0.1,0.7165922097074698,0.16152847959396605,0.8384714894854884,result\figures\cycle43_attribution_cycle42_64\dual_plane_fusion_cnn_sample12.png
dual_plane_fusion_cnn,12,6,71.3744213870388,72.06643502320865,40.194296926518355,0.1,0.5382489129721357,0.5691327472391935,0.4308672926978056,result\figures\cycle43_attribution_cycle42_64\dual_plane_fusion_cnn_sample12.png
dual_plane_fusion_cnn,13,1,76.28047029025755,72.07622819139746,31.271946581976486,0.1,0.6938705220043652,0.7479777488336391,0.25202229472776155,result\figures\cycle43_attribution_cycle42_64\dual_plane_fusion_cnn_sample13.png
dual_plane_fusion_cnn,13,2,76.66919070879098,74.74254384229299,29.502496031370104,0.1,0.6984332555701509,0.15919677747736144,0.8408032060781068,result\figures\cycle43_attribution_cycle42_64\dual_plane_fusion_cnn_sample13.png
dual_plane_fusion_cnn,13,3,75.35503849935704,76.643518581012,29.05721760738289,0.1,0.7011206243571176,0.24312556849462844,0.7568744315053682,result\figures\cycle43_attribution_cycle42_64\dual_plane_fusion_cnn_sample13.png
dual_plane_fusion_cnn,13,4,75.0053629371039,73.69996844559863,30.86853921170494,0.1,0.7046401945209682,0.8151542996090118,0.1848457268165817,result\figures\cycle43_attribution_cycle42_64\dual_plane_fusion_cnn_sample13.png
dual_plane_fusion_cnn,13,5,77.57180923383396,74.50493188045155,28.70096836807998,0.1,0.7119152106570171,0.12358866488370265,0.8764113511232717,result\figures\cycle43_attribution_cycle42_64\dual_plane_fusion_cnn_sample13.png
dual_plane_fusion_cnn,13,6,77.12977103975555,73.27435132613346,29.52489432495508,0.1,0.6893094539055806,0.3151696768393142,0.6848303231606805,result\figures\cycle43_attribution_cycle42_64\dual_plane_fusion_cnn_sample13.png
dual_plane_fusion_cnn,14,1,77.10245299133899,73.03395413455338,28.95995661932698,0.1,0.7400376635014307,0.8748835508810096,0.1251164724119159,result\figures\cycle43_attribution_cycle42_64\dual_plane_fusion_cnn_sample14.png
dual_plane_fusion_cnn,14,2,76.46843649468543,75.09656498070143,24.30797167526304,0.1,0.8089592864963605,0.048878673963338226,0.9511213464304932,result\figures\cycle43_attribution_cycle42_64\dual_plane_fusion_cnn_sample14.png
dual_plane_fusion_cnn,14,3,79.05974661693985,80.02241303661133,25.582809859430085,0.1,0.7718827317549438,0.23776960355001414,0.7622303658918392,result\figures\cycle43_attribution_cycle42_64\dual_plane_fusion_cnn_sample14.png
dual_plane_fusion_cnn,14,4,77.25412157176386,72.94886747143609,28.502322386485577,0.1,0.7334897343795017,0.7621766874563651,0.23782328850373696,result\figures\cycle43_attribution_cycle42_64\dual_plane_fusion_cnn_sample14.png
dual_plane_fusion_cnn,14,5,76.44926069171541,72.0291150310556,25.444403326116646,0.1,0.792287379192649,0.1294475841734643,0.870552444496891,result\figures\cycle43_attribution_cycle42_64\dual_plane_fusion_cnn_sample14.png
dual_plane_fusion_cnn,14,6,78.84859067628788,81.40786431624804,24.548055129946643,0.1,0.7996182106437781,0.23797775431895585,0.7620222160280281,result\figures\cycle43_attribution_cycle42_64\dual_plane_fusion_cnn_sample14.png
dual_plane_fusion_cnn,15,1,69.85017630225815,72.93219371686064,46.23945828454016,0.1,0.5135906111013369,0.9672319999421284,0.03276798592918596,result\figures\cycle43_attribution_cycle42_64\dual_plane_fusion_cnn_sample15.png
dual_plane_fusion_cnn,15,2,76.77316553673236,76.76217386740373,26.03877607605748,0.1,0.7548827908488555,0.17551840402640503,0.8244815959735925,result\figures\cycle43_attribution_cycle42_64\dual_plane_fusion_cnn_sample15.png
dual_plane_fusion_cnn,15,3,70.97521263160193,79.54326806256243,34.29841661112534,0.1,0.6478861160673388,0.42142589246296286,0.5785741075370355,result\figures\cycle43_attribution_cycle42_64\dual_plane_fusion_cnn_sample15.png
dual_plane_fusion_cnn,15,4,70.01328683716623,72.87618047295415,46.18951342559875,0.1,0.51409191591266,0.982225949898142,0.017774081794990886,result\figures\cycle43_attribution_cycle42_64\dual_plane_fusion_cnn_sample15.png
dual_plane_fusion_cnn,15,5,75.21480772657462,74.87422544444256,30.057757173625696,0.1,0.6811047777219525,0.32408947638222785,0.6759105599122645,result\figures\cycle43_attribution_cycle42_64\dual_plane_fusion_cnn_sample15.png
dual_plane_fusion_cnn,15,6,71.02340620270647,78.16861733853868,36.02783036325894,0.1,0.6141399484574972,0.4727059264209872,0.5272941141529279,result\figures\cycle43_attribution_cycle42_64\dual_plane_fusion_cnn_sample15.png
dual_plane_fusion_cnn,16,1,74.48462887199857,82.83835730183884,31.91772706278427,0.1,0.6880787038928102,0.7975807688892527,0.2024192311107462,result\figures\cycle43_attribution_cycle42_64\dual_plane_fusion_cnn_sample16.png
dual_plane_fusion_cnn,16,2,76.4589020634989,71.84981556902943,24.90871335897423,0.1,0.7898370420726383,0.20999135445138747,0.79000862457852,result\figures\cycle43_attribution_cycle42_64\dual_plane_fusion_cnn_sample16.png
dual_plane_fusion_cnn,16,3,77.35286261951036,79.80292130082945,25.59667134150689,0.1,0.7684860271057485,0.18911135718994934,0.8108886299392184,result\figures\cycle43_attribution_cycle42_64\dual_plane_fusion_cnn_sample16.png
dual_plane_fusion_cnn,16,4,75.16340686984627,82.69244537240442,31.846141240599948,0.1,0.6910105120033998,0.8105556962634772,0.18944426812428022,result\figures\cycle43_attribution_cycle42_64\dual_plane_fusion_cnn_sample16.png
dual_plane_fusion_cnn,16,5,74.36208718766912,73.44668479779352,25.32926151823017,0.1,0.779443709384286,0.22763473738622494,0.7723652626137726,result\figures\cycle43_attribution_cycle42_64\dual_plane_fusion_cnn_sample16.png
dual_plane_fusion_cnn,16,6,77.46583831253255,79.72939782135688,25.2676596286791,0.1,0.7816292860835848,0.1291884974929758,0.8708115178662414,result\figures\cycle43_attribution_cycle42_64\dual_plane_fusion_cnn_sample16.png
dual_plane_fusion_cnn,17,1,74.85305048314957,75.39020273245004,35.92003316729737,0.1,0.6119901123784112,0.8928613651917577,0.10713864281374798,result\figures\cycle43_attribution_cycle42_64\dual_plane_fusion_cnn_sample17.png
dual_plane_fusion_cnn,17,2,76.49854209763105,72.6934250963194,27.401892396326716,0.1,0.7314776730366322,0.21971417030594698,0.7802858586453975,result\figures\cycle43_attribution_cycle42_64\dual_plane_fusion_cnn_sample17.png
dual_plane_fusion_cnn,17,3,76.85027003956101,79.88785226805729,25.601154689585083,0.1,0.7498597275080758,0.22098947398536747,0.7790105260146304,result\figures\cycle43_attribution_cycle42_64\dual_plane_fusion_cnn_sample17.png
dual_plane_fusion_cnn,17,4,74.20320103977487,67.16794995512497,36.02392335608976,0.1,0.627629788120733,0.8657045096264216,0.13429547481335147,result\figures\cycle43_attribution_cycle42_64\dual_plane_fusion_cnn_sample17.png
dual_plane_fusion_cnn,17,5,77.10366644242275,74.36324718144586,27.761791794135508,0.1,0.7143137291367303,0.27275485275764044,0.7272451472423578,result\figures\cycle43_attribution_cycle42_64\dual_plane_fusion_cnn_sample17.png
dual_plane_fusion_cnn,17,6,76.87602774178822,78.72481811494931,25.511687962665796,0.1,0.7553644910143864,0.18438889435484376,0.81561108641388,result\figures\cycle43_attribution_cycle42_64\dual_plane_fusion_cnn_sample17.png
dual_plane_fusion_cnn,18,1,64.49408998491003,80.58257289610312,47.4155182872345,0.1,0.5428923031913061,0.9505940230831524,0.04940594392582546,result\figures\cycle43_attribution_cycle42_64\dual_plane_fusion_cnn_sample18.png
dual_plane_fusion_cnn,18,2,76.92963988071999,74.81562749401475,29.519742099655005,0.1,0.6869445853392142,0.2545033954744373,0.7454966256047286,result\figures\cycle43_attribution_cycle42_64\dual_plane_fusion_cnn_sample18.png
dual_plane_fusion_cnn,18,3,68.57194717450754,83.19565922675045,33.49606125331133,0.1,0.6627782327096203,0.32499695351317454,0.6750030697958279,result\figures\cycle43_attribution_cycle42_64\dual_plane_fusion_cnn_sample18.png
dual_plane_fusion_cnn,18,4,65.32394528849694,80.40513826401235,46.65478350764037,0.1,0.5474981036992289,0.9397809561259565,0.060218996520283376,result\figures\cycle43_attribution_cycle42_64\dual_plane_fusion_cnn_sample18.png
dual_plane_fusion_cnn,18,5,73.57231945110173,76.44508677025073,29.70864895947716,0.1,0.6946204280207768,0.21115290175689244,0.7888471124010008,result\figures\cycle43_attribution_cycle42_64\dual_plane_fusion_cnn_sample18.png
dual_plane_fusion_cnn,18,6,68.89976847539108,83.21323483808675,33.08560091651362,0.1,0.6641072841835307,0.2970570911957878,0.70294286662479,result\figures\cycle43_attribution_cycle42_64\dual_plane_fusion_cnn_sample18.png
dual_plane_fusion_cnn,19,1,67.6760240850929,68.67344267823248,50.509975869102576,0.1,0.47939701834217546,0.9665871879318774,0.03341284249704936,result\figures\cycle43_attribution_cycle42_64\dual_plane_fusion_cnn_sample19.png
dual_plane_fusion_cnn,19,2,75.64784994435725,74.13932809264783,26.096098984312544,0.1,0.7684053107048463,0.04922324199836344,0.9507767351917941,result\figures\cycle43_attribution_cycle42_64\dual_plane_fusion_cnn_sample19.png
dual_plane_fusion_cnn,19,3,70.02069550253958,75.29988036967244,38.22684915272535,0.1,0.564946626855156,0.5027438245515817,0.49725613182293704,result\figures\cycle43_attribution_cycle42_64\dual_plane_fusion_cnn_sample19.png
dual_plane_fusion_cnn,19,4,67.81036857014561,68.12245732157972,50.68508546599558,0.1,0.4790851563896068,0.9905763281587684,0.00942369615122117,result\figures\cycle43_attribution_cycle42_64\dual_plane_fusion_cnn_sample19.png
dual_plane_fusion_cnn,19,5,72.86950248607468,72.38268987507686,31.46645899114762,0.1,0.6713847402305767,0.25658542409857216,0.7434146068827614,result\figures\cycle43_attribution_cycle42_64\dual_plane_fusion_cnn_sample19.png
dual_plane_fusion_cnn,19,6,69.701661685324,73.1925761609067,41.074124583688324,0.1,0.5305277557099208,0.5690843233896549,0.43091564500136886,result\figures\cycle43_attribution_cycle42_64\dual_plane_fusion_cnn_sample19.png
dual_plane_fusion_cnn,20,1,72.59674654154094,77.52019664028663,41.401873607028094,0.1,0.5650028613538949,0.8679779770264228,0.13202197960669568,result\figures\cycle43_attribution_cycle42_64\dual_plane_fusion_cnn_sample20.png
dual_plane_fusion_cnn,20,2,75.052435961964,73.21934148574475,28.183285350981556,0.1,0.7173421207338144,0.2745398739747265,0.7254600843237707,result\figures\cycle43_attribution_cycle42_64\dual_plane_fusion_cnn_sample20.png
dual_plane_fusion_cnn,20,3,76.1352430328307,75.26271611308945,27.190465367665585,0.1,0.7359517828087002,0.2905187752286197,0.7094812545229868,result\figures\cycle43_attribution_cycle42_64\dual_plane_fusion_cnn_sample20.png
dual_plane_fusion_cnn,20,4,73.76081038346749,80.74737511347188,39.319624328405986,0.1,0.5948628266146314,0.8686433262611966,0.1313566259239501,result\figures\cycle43_attribution_cycle42_64\dual_plane_fusion_cnn_sample20.png
dual_plane_fusion_cnn,20,5,75.69684077067915,74.68661734980785,30.711784707837914,0.1,0.6637984865273501,0.40730255350516265,0.5926974206920543,result\figures\cycle43_attribution_cycle42_64\dual_plane_fusion_cnn_sample20.png
dual_plane_fusion_cnn,20,6,75.22875412445538,73.66745128904114,26.820981881327356,0.1,0.7532221754407257,0.25194231273760026,0.7480577380670523,result\figures\cycle43_attribution_cycle42_64\dual_plane_fusion_cnn_sample20.png
dual_plane_fusion_cnn,21,1,77.8213053011377,80.9492261423869,32.784320609777446,0.1,0.6530610373789817,0.8110178301565618,0.1889821869768101,result\figures\cycle43_attribution_cycle42_64\dual_plane_fusion_cnn_sample21.png
dual_plane_fusion_cnn,21,2,74.51839422439264,74.64877732091709,27.04677065962264,0.1,0.7436129937697603,0.13142869015667188,0.8685712749232961,result\figures\cycle43_attribution_cycle42_64\dual_plane_fusion_cnn_sample21.png
dual_plane_fusion_cnn,21,3,74.40454336525372,79.48882752144624,26.20758800787282,0.1,0.766518107928447,0.17361945970708823,0.8263805402929079,result\figures\cycle43_attribution_cycle42_64\dual_plane_fusion_cnn_sample21.png
dual_plane_fusion_cnn,21,4,76.68585843352632,79.49659455982486,33.758726315898336,0.1,0.6413700173670368,0.8522259041566331,0.14777412293057254,result\figures\cycle43_attribution_cycle42_64\dual_plane_fusion_cnn_sample21.png
dual_plane_fusion_cnn,21,5,74.21489630151468,75.67433905792929,26.658380654499442,0.1,0.7533229596064813,0.08085720568663018,0.9191428218370484,result\figures\cycle43_attribution_cycle42_64\dual_plane_fusion_cnn_sample21.png
dual_plane_fusion_cnn,21,6,73.7360685916399,78.13913519671205,28.3838070495796,0.1,0.7269614329892097,0.21799890856881077,0.782001106304062,result\figures\cycle43_attribution_cycle42_64\dual_plane_fusion_cnn_sample21.png
dual_plane_fusion_cnn,22,1,65.35433866080304,66.73929042937266,53.1576293895161,0.1,0.47144498037213683,0.9754564498863388,0.024543568602823616,result\figures\cycle43_attribution_cycle42_64\dual_plane_fusion_cnn_sample22.png
dual_plane_fusion_cnn,22,2,75.01517599765045,71.72067046801602,33.23964578040043,0.1,0.6480605308743939,0.3517845776785388,0.6482154223214588,result\figures\cycle43_attribution_cycle42_64\dual_plane_fusion_cnn_sample22.png
dual_plane_fusion_cnn,22,3,70.60927695104047,72.40359487793397,43.18929569591786,0.1,0.5171144758198908,0.6042675700467117,0.39573242995328756,result\figures\cycle43_attribution_cycle42_64\dual_plane_fusion_cnn_sample22.png
dual_plane_fusion_cnn,22,4,63.6329365424619,64.29892714960727,53.97121327555534,0.1,0.4684456988878686,0.941258814033413,0.05874116766198158,result\figures\cycle43_attribution_cycle42_64\dual_plane_fusion_cnn_sample22.png
dual_plane_fusion_cnn,22,5,70.99453963351105,69.73272515804878,35.14658721252557,0.1,0.6326353862177485,0.3475344352812385,0.6524656041089272,result\figures\cycle43_attribution_cycle42_64\dual_plane_fusion_cnn_sample22.png
dual_plane_fusion_cnn,22,6,68.17639621501846,70.70364158702095,45.18045607832876,0.1,0.49818604159037605,0.6272436815449213,0.3727562956581857,result\figures\cycle43_attribution_cycle42_64\dual_plane_fusion_cnn_sample22.png
dual_plane_fusion_cnn,23,1,80.2845315233932,76.31452559435743,30.53280077600514,0.1,0.6945596869135011,0.8518732268969413,0.14812678536772028,result\figures\cycle43_attribution_cycle42_64\dual_plane_fusion_cnn_sample23.png
dual_plane_fusion_cnn,23,2,78.09387467269754,76.40423465355732,27.315006091331423,0.1,0.7363508659707746,0.08360116249064176,0.9163987825587702,result\figures\cycle43_attribution_cycle42_64\dual_plane_fusion_cnn_sample23.png
dual_plane_fusion_cnn,23,3,77.8183987869161,78.65953677591914,25.941865059308352,0.1,0.7564749854050464,0.19860393945252228,0.8013960605474736,result\figures\cycle43_attribution_cycle42_64\dual_plane_fusion_cnn_sample23.png
dual_plane_fusion_cnn,23,4,80.80157643689417,78.79613201542439,30.065149976940035,0.1,0.6918050324222266,0.804609741467318,0.19539027433123274,result\figures\cycle43_attribution_cycle42_64\dual_plane_fusion_cnn_sample23.png
dual_plane_fusion_cnn,23,5,78.882874582102,76.0966166682543,27.502483648962475,0.1,0.7275074590972442,0.15544563150173082,0.8445544242903565,result\figures\cycle43_attribution_cycle42_64\dual_plane_fusion_cnn_sample23.png
dual_plane_fusion_cnn,23,6,77.79158263800134,77.07033309394643,27.743639787995193,0.1,0.7136181381533867,0.3380847741125452,0.6619152258874486,result\figures\cycle43_attribution_cycle42_64\dual_plane_fusion_cnn_sample23.png
dual_plane_fusion_cnn,24,1,68.99539409223622,67.11375744820154,43.466820105336474,0.1,0.5409039695068041,0.8918873957355697,0.10811264076774098,result\figures\cycle43_attribution_cycle42_64\dual_plane_fusion_cnn_sample24.png
dual_plane_fusion_cnn,24,2,73.27061842326668,74.608561866029,28.986351353446672,0.1,0.717990960252765,0.2036941420862201,0.7963058347994689,result\figures\cycle43_attribution_cycle42_64\dual_plane_fusion_cnn_sample24.png
dual_plane_fusion_cnn,24,3,76.85134297414378,79.67306079855337,25.796676151907953,0.1,0.759607031170928,0.2072418087945062,0.792758191205479,result\figures\cycle43_attribution_cycle42_64\dual_plane_fusion_cnn_sample24.png
dual_plane_fusion_cnn,24,4,68.40388959538484,66.83063411259377,43.88397595627379,0.1,0.5395447635353184,0.8897873790745827,0.11021258511440497,result\figures\cycle43_attribution_cycle42_64\dual_plane_fusion_cnn_sample24.png
dual_plane_fusion_cnn,24,5,73.46977286038545,75.99580564554034,26.89383657269285,0.1,0.7582573480997437,0.08391936946797376,0.9160806305320188,result\figures\cycle43_attribution_cycle42_64\dual_plane_fusion_cnn_sample24.png
dual_plane_fusion_cnn,24,6,74.1505611734383,74.86699879902086,32.07552281992012,0.1,0.6481472829303698,0.380405806200656,0.6195941937993383,result\figures\cycle43_attribution_cycle42_64\dual_plane_fusion_cnn_sample24.png
dual_plane_fusion_cnn,25,1,65.13821231002149,76.4942237078834,48.250331840470444,0.1,0.5288156704334764,0.9524919805420778,0.047508030061462335,result\figures\cycle43_attribution_cycle42_64\dual_plane_fusion_cnn_sample25.png
dual_plane_fusion_cnn,25,2,76.38072652990822,74.30434227696536,24.54864248916515,0.1,0.7972721397702316,0.03893549120171357,0.9610644767871938,result\figures\cycle43_attribution_cycle42_64\dual_plane_fusion_cnn_sample25.png
dual_plane_fusion_cnn,25,3,71.21748194926757,82.48138800638326,31.290710297070596,0.1,0.6719402365199004,0.2719076630835222,0.7280923660581521,result\figures\cycle43_attribution_cycle42_64\dual_plane_fusion_cnn_sample25.png
dual_plane_fusion_cnn,25,4,65.55301986847508,76.1089819341005,47.35121721645595,0.1,0.5298541473316302,0.9117320673955103,0.08826797839318004,result\figures\cycle43_attribution_cycle42_64\dual_plane_fusion_cnn_sample25.png
dual_plane_fusion_cnn,25,5,76.52326294270337,73.11446828969665,24.752737849535116,0.1,0.7916509006116841,0.10599439140376983,0.8940056340660731,result\figures\cycle43_attribution_cycle42_64\dual_plane_fusion_cnn_sample25.png
dual_plane_fusion_cnn,25,6,70.60955133817005,82.43909117982965,32.65653434166806,0.1,0.6604075434712657,0.28465241844532896,0.7153475815546693,result\figures\cycle43_attribution_cycle42_64\dual_plane_fusion_cnn_sample25.png
dual_plane_fusion_cnn,26,1,65.78440311702262,67.82946770931804,51.875278537363435,0.1,0.48074821832543024,0.9433498976016271,0.05665010693457295,result\figures\cycle43_attribution_cycle42_64\dual_plane_fusion_cnn_sample26.png
dual_plane_fusion_cnn,26,2,66.87685679010745,68.16914368919353,42.74420972316087,0.1,0.5189563469374375,0.5667244579497771,0.43327554205022173,result\figures\cycle43_attribution_cycle42_64\dual_plane_fusion_cnn_sample26.png
dual_plane_fusion_cnn,26,3,67.21849277219258,68.6657713275899,43.59463553646491,0.1,0.5052814880411797,0.5759132947819023,0.4240866564533851,result\figures\cycle43_attribution_cycle42_64\dual_plane_fusion_cnn_sample26.png
dual_plane_fusion_cnn,26,4,65.66944881943773,67.63409741939579,52.0838250913083,0.1,0.48202387094359694,0.9610662980966694,0.03893370633234963,result\figures\cycle43_attribution_cycle42_64\dual_plane_fusion_cnn_sample26.png
dual_plane_fusion_cnn,26,5,71.00221975620643,71.11254934276654,34.15486903251364,0.1,0.6391043158385367,0.36090252906715076,0.639097470932848,result\figures\cycle43_attribution_cycle42_64\dual_plane_fusion_cnn_sample26.png
dual_plane_fusion_cnn,26,6,72.41023061872758,73.11994236690077,31.42653739397991,0.1,0.675166204645084,0.24335434283324744,0.7566456358796676,result\figures\cycle43_attribution_cycle42_64\dual_plane_fusion_cnn_sample26.png
dual_plane_fusion_cnn,27,1,66.97751310395952,65.35387474797223,43.91482318219488,0.1,0.5439788124937187,0.832200600701074,0.16779940992493014,result\figures\cycle43_attribution_cycle42_64\dual_plane_fusion_cnn_sample27.png
dual_plane_fusion_cnn,27,2,73.74607949367643,74.90778792971449,25.98043891385008,0.1,0.772019382575323,0.14153366287604613,0.8584663221742745,result\figures\cycle43_attribution_cycle42_64\dual_plane_fusion_cnn_sample27.png
dual_plane_fusion_cnn,27,3,74.46121674920879,79.34198441077193,26.44185138922946,0.1,0.7607662794848148,0.14613729792935165,0.8538627187998029,result\figures\cycle43_attribution_cycle42_64\dual_plane_fusion_cnn_sample27.png
dual_plane_fusion_cnn,27,4,72.29857979022334,68.09852022835402,45.31079194190706,0.1,0.5016393346119684,0.8430983682066218,0.156901656919068,result\figures\cycle43_attribution_cycle42_64\dual_plane_fusion_cnn_sample27.png
dual_plane_fusion_cnn,27,5,72.96700663034747,75.73618672657376,25.948482386298522,0.1,0.7749435462321472,0.14113837426250073,0.8588615940436928,result\figures\cycle43_attribution_cycle42_64\dual_plane_fusion_cnn_sample27.png
dual_plane_fusion_cnn,27,6,75.6988146683026,81.26496636475333,26.122398942263285,0.1,0.7570669322135642,0.18136088970235578,0.8186391264401434,result\figures\cycle43_attribution_cycle42_64\dual_plane_fusion_cnn_sample27.png
dual_plane_fusion_cnn,28,1,68.41917665711152,75.39352648858205,42.31167668563509,0.1,0.5181729669305155,0.7360533081425524,0.263946669096887,result\figures\cycle43_attribution_cycle42_64\dual_plane_fusion_cnn_sample28.png
dual_plane_fusion_cnn,28,2,76.4936990798067,76.46306452562392,29.114968090449818,0.1,0.6985889609662997,0.1729313941001337,0.8270685895006705,result\figures\cycle43_attribution_cycle42_64\dual_plane_fusion_cnn_sample28.png
dual_plane_fusion_cnn,28,3,76.24146375287273,81.27936919937419,27.070017483306557,0.1,0.7479176973002281,0.17347037969217388,0.8265296380403726,result\figures\cycle43_attribution_cycle42_64\dual_plane_fusion_cnn_sample28.png
dual_plane_fusion_cnn,28,4,67.08695897105127,78.1328222659187,42.2266926154675,0.1,0.535445296497234,0.7469234053117374,0.2530765946882611,result\figures\cycle43_attribution_cycle42_64\dual_plane_fusion_cnn_sample28.png
dual_plane_fusion_cnn,28,5,75.70450424661117,75.94155528439319,30.494520624037985,0.1,0.6869224880024811,0.12952770314503326,0.8704723314998335,result\figures\cycle43_attribution_cycle42_64\dual_plane_fusion_cnn_sample28.png
dual_plane_fusion_cnn,28,6,76.27409629169726,78.61487156844065,28.30203391169703,0.1,0.7271223344691227,0.29307004786807356,0.7069299780424124,result\figures\cycle43_attribution_cycle42_64\dual_plane_fusion_cnn_sample28.png
dual_plane_fusion_cnn,29,1,73.51871103296041,75.25967146314393,28.728505509783787,0.1,0.7144660336823211,0.711681165381451,0.288318855768292,result\figures\cycle43_attribution_cycle42_64\dual_plane_fusion_cnn_sample29.png
dual_plane_fusion_cnn,29,2,76.4239819940317,74.77045089136953,28.723329223778947,0.1,0.7090784574949811,0.08098760332205655,0.9190124397467441,result\figures\cycle43_attribution_cycle42_64\dual_plane_fusion_cnn_sample29.png
dual_plane_fusion_cnn,29,3,76.03548167960723,81.04648860388208,24.390837000553628,0.1,0.7851561137870579,0.19140972790793095,0.8085902511801809,result\figures\cycle43_attribution_cycle42_64\dual_plane_fusion_cnn_sample29.png
dual_plane_fusion_cnn,29,4,74.61586838518708,74.90901504507937,28.278840688255293,0.1,0.723118072964058,0.7506128967181044,0.24938714111735938,result\figures\cycle43_attribution_cycle42_64\dual_plane_fusion_cnn_sample29.png
dual_plane_fusion_cnn,29,5,76.96898832305486,74.36066504463842,28.228671792350987,0.1,0.7167273348787769,0.06964992679546224,0.9303500676361268,result\figures\cycle43_attribution_cycle42_64\dual_plane_fusion_cnn_sample29.png
dual_plane_fusion_cnn,29,6,77.81619981696458,78.63896948646955,24.902584701591117,0.1,0.7852920212373726,0.17841217935547826,0.821587820644519,result\figures\cycle43_attribution_cycle42_64\dual_plane_fusion_cnn_sample29.png
dual_plane_fusion_cnn,30,1,65.64863311202654,65.95863089607457,51.68915391799498,0.1,0.4763141873429481,0.929109187674347,0.07089077614543668,result\figures\cycle43_attribution_cycle42_64\dual_plane_fusion_cnn_sample30.png
dual_plane_fusion_cnn,30,2,67.38855484848929,67.12937118279685,44.56205690865004,0.1,0.49138176266030353,0.595922911291696,0.4040770338243323,result\figures\cycle43_attribution_cycle42_64\dual_plane_fusion_cnn_sample30.png
dual_plane_fusion_cnn,30,3,68.08715219056812,71.33229553878243,39.61969950546532,0.1,0.5639166241088116,0.47856554873764967,0.5214344916378997,result\figures\cycle43_attribution_cycle42_64\dual_plane_fusion_cnn_sample30.png
dual_plane_fusion_cnn,30,4,65.91540518882779,66.18379329632775,51.740159050360106,0.1,0.48041067609749794,0.9684372712517166,0.031562738541637846,result\figures\cycle43_attribution_cycle42_64\dual_plane_fusion_cnn_sample30.png
dual_plane_fusion_cnn,30,5,75.96338771926685,75.65432704440404,29.262990713156434,0.1,0.7031574196850943,0.20491549515956461,0.7950845252916516,result\figures\cycle43_attribution_cycle42_64\dual_plane_fusion_cnn_sample30.png
dual_plane_fusion_cnn,30,6,75.46622420976466,79.47236626902982,28.373691031473225,0.1,0.7059076194190702,0.3240323621599029,0.6759676378400951,result\figures\cycle43_attribution_cycle42_64\dual_plane_fusion_cnn_sample30.png
dual_plane_fusion_cnn,31,1,76.61223100805844,72.03203354109057,30.136539430961097,0.1,0.7162461294804329,0.8910344397270951,0.10896551972109836,result\figures\cycle43_attribution_cycle42_64\dual_plane_fusion_cnn_sample31.png
dual_plane_fusion_cnn,31,2,77.02435062387606,72.47262540004756,27.744283914770413,0.1,0.7387290330917003,0.23366047922062533,0.7663394941323133,result\figures\cycle43_attribution_cycle42_64\dual_plane_fusion_cnn_sample31.png
dual_plane_fusion_cnn,31,3,78.02640504377557,79.50160243131641,26.5486574170242,0.1,0.7496657650478878,0.18894065166728935,0.8110593791557079,result\figures\cycle43_attribution_cycle42_64\dual_plane_fusion_cnn_sample31.png
dual_plane_fusion_cnn,31,4,76.84053482699453,73.478214405958,29.001567300357816,0.1,0.7168624502336769,0.7583376188752337,0.2416623422829943,result\figures\cycle43_attribution_cycle42_64\dual_plane_fusion_cnn_sample31.png
dual_plane_fusion_cnn,31,5,76.14617007099652,73.61940582247328,25.619529336386957,0.1,0.7802034479547385,0.10169457557058785,0.8983054121114176,result\figures\cycle43_attribution_cycle42_64\dual_plane_fusion_cnn_sample31.png
dual_plane_fusion_cnn,31,6,78.52607348693485,77.7305353893023,26.760941869121154,0.1,0.7407013467340035,0.242934956302106,0.7570650749450425,result\figures\cycle43_attribution_cycle42_64\dual_plane_fusion_cnn_sample31.png
dual_plane_fusion_cnn,32,1,71.87922659841107,72.09711871860819,35.094900831002775,0.1,0.6357050875020159,0.8382739769655642,0.16172600566494938,result\figures\cycle43_attribution_cycle42_64\dual_plane_fusion_cnn_sample32.png
dual_plane_fusion_cnn,32,2,74.82652991176158,73.69232955745092,23.402053126011435,0.1,0.8214143350918592,0.11300050299633692,0.8869995086384753,result\figures\cycle43_attribution_cycle42_64\dual_plane_fusion_cnn_sample32.png
dual_plane_fusion_cnn,32,3,75.81660843879956,76.82132954748555,27.387979097401487,0.1,0.7498759267068508,0.20379705725246278,0.7962029585268837,result\figures\cycle43_attribution_cycle42_64\dual_plane_fusion_cnn_sample32.png
dual_plane_fusion_cnn,32,4,76.39124812049731,79.74279239316981,29.54590363210798,0.1,0.7094310746209344,0.7977662851829933,0.20223371481699912,result\figures\cycle43_attribution_cycle42_64\dual_plane_fusion_cnn_sample32.png
dual_plane_fusion_cnn,32,5,71.00320190425202,72.67988135524993,27.54964163124354,0.1,0.7571886694696337,0.1548950792543039,0.8451049003755018,result\figures\cycle43_attribution_cycle42_64\dual_plane_fusion_cnn_sample32.png
dual_plane_fusion_cnn,32,6,75.5777711429688,78.1424124828927,26.55071084761508,0.1,0.764458419312229,0.17535124017768644,0.8246487970951054,result\figures\cycle43_attribution_cycle42_64\dual_plane_fusion_cnn_sample32.png
dual_plane_fusion_cnn,33,1,71.89990773607677,82.95053909964071,37.86263521414246,0.1,0.6040043301664895,0.9066855750132254,0.09331440300986352,result\figures\cycle43_attribution_cycle42_64\dual_plane_fusion_cnn_sample33.png
dual_plane_fusion_cnn,33,2,77.07016740776876,72.33245937759715,29.242759184067605,0.1,0.7020014597468894,0.25609423646574825,0.7439057053836934,result\figures\cycle43_attribution_cycle42_64\dual_plane_fusion_cnn_sample33.png
dual_plane_fusion_cnn,33,3,66.97316176504961,74.35647140032978,37.77426590535096,0.1,0.6045434754440991,0.391140261534735,0.6088597755611254,result\figures\cycle43_attribution_cycle42_64\dual_plane_fusion_cnn_sample33.png
dual_plane_fusion_cnn,33,4,70.50954212274053,81.60933292404417,37.40745614426444,0.1,0.6064892649137908,0.9183949598953282,0.08160501640214637,result\figures\cycle43_attribution_cycle42_64\dual_plane_fusion_cnn_sample33.png
dual_plane_fusion_cnn,33,5,77.13418567731038,75.35291702235985,29.085600790000417,0.1,0.6894482608423821,0.35210749215219567,0.6478925449690519,result\figures\cycle43_attribution_cycle42_64\dual_plane_fusion_cnn_sample33.png
dual_plane_fusion_cnn,33,6,69.85265318252888,71.40350268449775,36.2716484556779,0.1,0.6187270436854958,0.49046174615992616,0.5095382538400716,result\figures\cycle43_attribution_cycle42_64\dual_plane_fusion_cnn_sample33.png
dual_plane_fusion_cnn,34,1,64.7408828695182,80.77640701930105,41.25559541375093,0.1,0.6186723737512578,0.9333537185432849,0.06664628813425849,result\figures\cycle43_attribution_cycle42_64\dual_plane_fusion_cnn_sample34.png
dual_plane_fusion_cnn,34,2,73.3437779135083,75.11946416590914,31.771373364240354,0.1,0.6716540708868224,0.22125384889673055,0.7787461962622112,result\figures\cycle43_attribution_cycle42_64\dual_plane_fusion_cnn_sample34.png
dual_plane_fusion_cnn,34,3,71.6659867219132,80.39262460557201,29.079820092227287,0.1,0.701201349490511,0.3300525416886805,0.669947458311317,result\figures\cycle43_attribution_cycle42_64\dual_plane_fusion_cnn_sample34.png
dual_plane_fusion_cnn,34,4,64.32258059621836,80.95440802599754,40.712979507121226,0.1,0.6218694399829273,0.908542495098736,0.09145747735266972,result\figures\cycle43_attribution_cycle42_64\dual_plane_fusion_cnn_sample34.png
dual_plane_fusion_cnn,34,5,76.49339554571898,74.64497424178876,27.547787891679864,0.1,0.7431402305147956,0.09755239191656936,0.9024476080834285,result\figures\cycle43_attribution_cycle42_64\dual_plane_fusion_cnn_sample34.png
dual_plane_fusion_cnn,34,6,71.79286019113094,78.28869784420192,32.1408131715118,0.1,0.6557495950931616,0.38113192461156664,0.6188681092393495,result\figures\cycle43_attribution_cycle42_64\dual_plane_fusion_cnn_sample34.png
dual_plane_fusion_cnn,35,1,62.61084575304319,64.71738540467044,55.74552974644246,0.1,0.4539905532985861,0.9659410137589438,0.03405898141210918,result\figures\cycle43_attribution_cycle42_64\dual_plane_fusion_cnn_sample35.png
dual_plane_fusion_cnn,35,2,75.68958078083669,73.34976771303624,31.11990961570719,0.1,0.6801740896493972,0.17567105961087,0.8243289544962065,result\figures\cycle43_attribution_cycle42_64\dual_plane_fusion_cnn_sample35.png
dual_plane_fusion_cnn,35,3,71.82970211402979,73.7405490257384,35.75260363417772,0.1,0.6188436315590902,0.43161732047890444,0.5683826795210932,result\figures\cycle43_attribution_cycle42_64\dual_plane_fusion_cnn_sample35.png
dual_plane_fusion_cnn,35,4,62.349918848057214,65.13501748429327,55.77547167597707,0.1,0.45271513412012193,0.9630088047670843,0.03699122121291427,result\figures\cycle43_attribution_cycle42_64\dual_plane_fusion_cnn_sample35.png
dual_plane_fusion_cnn,35,5,68.28950265477731,68.22612966904003,43.500016209715355,0.1,0.5010408006794236,0.5029127922203592,0.4970872077796399,result\figures\cycle43_attribution_cycle42_64\dual_plane_fusion_cnn_sample35.png
dual_plane_fusion_cnn,35,6,69.94365898704913,71.1639537569527,41.0364620995438,0.1,0.5558513102209617,0.49880289298010033,0.5011971070198978,result\figures\cycle43_attribution_cycle42_64\dual_plane_fusion_cnn_sample35.png
dual_plane_fusion_cnn,36,1,75.56846647667084,83.02657525237548,33.29284132634938,0.1,0.6593969365200957,0.920060817251755,0.07993916653964511,result\figures\cycle43_attribution_cycle42_64\dual_plane_fusion_cnn_sample36.png
dual_plane_fusion_cnn,36,2,74.64007096303398,73.98402477635832,27.27921219422131,0.1,0.7552429184448006,0.16540281800364984,0.8345971564947898,result\figures\cycle43_attribution_cycle42_64\dual_plane_fusion_cnn_sample36.png
dual_plane_fusion_cnn,36,3,71.72354312976346,74.94086590536354,32.973038431646636,0.1,0.6628868654078968,0.31326903605465417,0.686730944212809,result\figures\cycle43_attribution_cycle42_64\dual_plane_fusion_cnn_sample36.png
dual_plane_fusion_cnn,36,4,76.23095193379146,72.33916772644683,35.31589165938866,0.1,0.6254147235723664,0.901143228552438,0.09885678975992233,result\figures\cycle43_attribution_cycle42_64\dual_plane_fusion_cnn_sample36.png
dual_plane_fusion_cnn,36,5,76.80282202794956,74.10756796714045,27.364341418030328,0.1,0.7423482977088436,0.1921332905022485,0.8078666644818948,result\figures\cycle43_attribution_cycle42_64\dual_plane_fusion_cnn_sample36.png
dual_plane_fusion_cnn,36,6,76.0042646939626,80.14077474079068,26.133156527902408,0.1,0.7751983041719224,0.1306198143379976,0.8693801856619996,result\figures\cycle43_attribution_cycle42_64\dual_plane_fusion_cnn_sample36.png
dual_plane_fusion_cnn,37,1,68.41601328567867,70.77334458640817,50.331078809986145,0.1,0.49612181278111017,0.9254460969393159,0.07455385372864512,result\figures\cycle43_attribution_cycle42_64\dual_plane_fusion_cnn_sample37.png
dual_plane_fusion_cnn,37,2,74.73244210184414,80.81151882633785,30.390333908857798,0.1,0.6882994587844227,0.21650637178447915,0.7834936519561094,result\figures\cycle43_attribution_cycle42_64\dual_plane_fusion_cnn_sample37.png
dual_plane_fusion_cnn,37,3,76.96732666392863,82.25720656976797,26.577902800045994,0.1,0.7642135395218136,0.19539346421477236,0.8046065182285586,result\figures\cycle43_attribution_cycle42_64\dual_plane_fusion_cnn_sample37.png
dual_plane_fusion_cnn,37,4,69.23270765796978,70.00062230316414,49.70290445676856,0.1,0.5036852313749559,0.9458775865814563,0.05412240252579334,result\figures\cycle43_attribution_cycle42_64\dual_plane_fusion_cnn_sample37.png
dual_plane_fusion_cnn,37,5,78.45207789297004,78.45153553883318,27.613718936833173,0.1,0.7390676673467902,0.15096569022352335,0.8490342834083544,result\figures\cycle43_attribution_cycle42_64\dual_plane_fusion_cnn_sample37.png
dual_plane_fusion_cnn,37,6,72.36027048836098,81.05813637868577,29.23074508360826,0.1,0.7281340040626864,0.2323804467787231,0.7676195754023695,result\figures\cycle43_attribution_cycle42_64\dual_plane_fusion_cnn_sample37.png
dual_plane_fusion_cnn,38,1,65.79025886769593,78.50777619303888,46.64426704262417,0.1,0.5370568434115278,0.9324323076797615,0.06756772229327805,result\figures\cycle43_attribution_cycle42_64\dual_plane_fusion_cnn_sample38.png
dual_plane_fusion_cnn,38,2,74.71827962773473,73.839680929825,29.719513062120004,0.1,0.713172395774771,0.1734507369223877,0.8265492269473521,result\figures\cycle43_attribution_cycle42_64\dual_plane_fusion_cnn_sample38.png
dual_plane_fusion_cnn,38,3,68.40120274129158,80.99844842320762,33.054697726379196,0.1,0.665920159239755,0.2947108769273515,0.7052890951167119,result\figures\cycle43_attribution_cycle42_64\dual_plane_fusion_cnn_sample38.png
dual_plane_fusion_cnn,38,4,64.28695762177928,75.53940460561009,48.15364833675614,0.1,0.5052523840362781,0.9336863884315066,0.06631357184502444,result\figures\cycle43_attribution_cycle42_64\dual_plane_fusion_cnn_sample38.png
dual_plane_fusion_cnn,38,5,71.29675565825319,74.29628867834846,33.04489919515177,0.1,0.6537866336493549,0.26562869151735,0.7343713325218334,result\figures\cycle43_attribution_cycle42_64\dual_plane_fusion_cnn_sample38.png
dual_plane_fusion_cnn,38,6,66.55856628402226,80.3457837157383,38.56778158847355,0.1,0.5784973302189684,0.5062510742057975,0.49374888350263424,result\figures\cycle43_attribution_cycle42_64\dual_plane_fusion_cnn_sample38.png
dual_plane_fusion_cnn,39,1,61.80950653434464,64.19674178930643,55.579406366504166,0.1,0.45189583219973967,0.9654691832091794,0.03453079417631174,result\figures\cycle43_attribution_cycle42_64\dual_plane_fusion_cnn_sample39.png
dual_plane_fusion_cnn,39,2,74.63569383882417,73.11235070669531,29.89815418631748,0.1,0.7017365901993039,0.14334431417106752,0.8566556700515624,result\figures\cycle43_attribution_cycle42_64\dual_plane_fusion_cnn_sample39.png
dual_plane_fusion_cnn,39,3,69.69766748811074,74.99233964430049,36.320835365009,0.1,0.5968114553933571,0.36442224572144405,0.6355777248554874,result\figures\cycle43_attribution_cycle42_64\dual_plane_fusion_cnn_sample39.png
dual_plane_fusion_cnn,39,4,61.67273527968722,64.16494436261229,55.73880346345661,0.1,0.45172355245788187,0.9718237133225258,0.02817624130896683,result\figures\cycle43_attribution_cycle42_64\dual_plane_fusion_cnn_sample39.png
dual_plane_fusion_cnn,39,5,68.99315571551041,69.90204551759008,39.64103765015783,0.1,0.551550251579552,0.42101436320885344,0.5789856728629335,result\figures\cycle43_attribution_cycle42_64\dual_plane_fusion_cnn_sample39.png
dual_plane_fusion_cnn,39,6,72.40682230180352,75.25558628224327,34.020518074825226,0.1,0.6275976262077092,0.32426058020081505,0.6757394761586881,result\figures\cycle43_attribution_cycle42_64\dual_plane_fusion_cnn_sample39.png
dual_plane_fusion_cnn,40,1,67.39176381649301,68.36001347564935,51.75754241389964,0.1,0.4821925711916776,0.9855181984729067,0.014481805507114266,result\figures\cycle43_attribution_cycle42_64\dual_plane_fusion_cnn_sample40.png
dual_plane_fusion_cnn,40,2,72.30669199452245,72.27023260511164,37.36275329745111,0.1,0.5616760999856544,0.42242938888711723,0.577570654426205,result\figures\cycle43_attribution_cycle42_64\dual_plane_fusion_cnn_sample40.png
dual_plane_fusion_cnn,40,3,68.49191082949153,73.84414208909573,42.486161921848414,0.1,0.5102359787022115,0.5368451356435779,0.46315490813472654,result\figures\cycle43_attribution_cycle42_64\dual_plane_fusion_cnn_sample40.png
dual_plane_fusion_cnn,40,4,67.07943279203496,68.99322052555381,52.03130402072441,0.1,0.4836414790256265,0.9795782692028191,0.020421701967261407,result\figures\cycle43_attribution_cycle42_64\dual_plane_fusion_cnn_sample40.png
dual_plane_fusion_cnn,40,5,70.0891851167898,71.34819529907972,38.79902328743834,0.1,0.5490656799509412,0.4087519624707618,0.5912480375292366,result\figures\cycle43_attribution_cycle42_64\dual_plane_fusion_cnn_sample40.png
dual_plane_fusion_cnn,40,6,67.76545019653737,73.53928053430305,44.78558644407016,0.1,0.49243460570753106,0.6063167314488426,0.3936832685511562,result\figures\cycle43_attribution_cycle42_64\dual_plane_fusion_cnn_sample40.png
dual_plane_fusion_cnn,41,1,75.62073047411977,74.83102927934699,35.13909742865966,0.1,0.6018932586305975,0.7880558001553337,0.2119442429839545,result\figures\cycle43_attribution_cycle42_64\dual_plane_fusion_cnn_sample41.png
dual_plane_fusion_cnn,41,2,76.70806345235177,76.07982422816491,28.8311696876568,0.1,0.7142113348412839,0.08572083317745993,0.9142791503183102,result\figures\cycle43_attribution_cycle42_64\dual_plane_fusion_cnn_sample41.png
dual_plane_fusion_cnn,41,3,76.04612103593604,82.18916136349327,26.208601591246723,0.1,0.7576345558593011,0.17923608045895092,0.8207639195410465,result\figures\cycle43_attribution_cycle42_64\dual_plane_fusion_cnn_sample41.png
dual_plane_fusion_cnn,41,4,74.10904944090822,79.02866934878945,34.98893338256047,0.1,0.603386062796503,0.7700432048792449,0.2299568432631115,result\figures\cycle43_attribution_cycle42_64\dual_plane_fusion_cnn_sample41.png
dual_plane_fusion_cnn,41,5,76.16478394279147,76.76710358801554,28.73332208918777,0.1,0.7149374889552407,0.11153949928204161,0.8884605122979281,result\figures\cycle43_attribution_cycle42_64\dual_plane_fusion_cnn_sample41.png
dual_plane_fusion_cnn,41,6,75.4345908763308,80.13197158915298,26.6039041118992,0.1,0.7608077954569232,0.1727015574527407,0.8272984601984869,result\figures\cycle43_attribution_cycle42_64\dual_plane_fusion_cnn_sample41.png
dual_plane_fusion_cnn,42,1,81.85397656818033,70.60430947905054,29.73828643217184,0.1,0.6954041925191872,0.7223401336291763,0.2776598937439549,result\figures\cycle43_attribution_cycle42_64\dual_plane_fusion_cnn_sample42.png
dual_plane_fusion_cnn,42,2,77.45983415049247,74.88543317091133,24.82027821004169,0.1,0.7963080389511572,0.038219657717871364,0.9617803956529631,result\figures\cycle43_attribution_cycle42_64\dual_plane_fusion_cnn_sample42.png
dual_plane_fusion_cnn,42,3,75.68952202479858,81.95103084055394,24.872918413689035,0.1,0.7859769378144257,0.15093966698343203,0.849060305875556,result\figures\cycle43_attribution_cycle42_64\dual_plane_fusion_cnn_sample42.png
dual_plane_fusion_cnn,42,4,80.8037804653661,72.13960583787966,29.142143269667265,0.1,0.7060531511280218,0.7379584459856463,0.26204155401433665,result\figures\cycle43_attribution_cycle42_64\dual_plane_fusion_cnn_sample42.png
dual_plane_fusion_cnn,42,5,75.5119975879639,74.59389300416092,26.252804422438672,0.1,0.7714567660890327,0.08987874468702332,0.9101212324526124,result\figures\cycle43_attribution_cycle42_64\dual_plane_fusion_cnn_sample42.png
dual_plane_fusion_cnn,42,6,75.63908720703215,80.90152619013396,25.659222810159974,0.1,0.7742345707146395,0.12680077374014995,0.8731992076610401,result\figures\cycle43_attribution_cycle42_64\dual_plane_fusion_cnn_sample42.png
dual_plane_fusion_cnn,43,1,68.33972830660343,60.45022346018132,48.70411222555376,0.1,0.49431608608675237,0.871699626774883,0.12830034486713082,result\figures\cycle43_attribution_cycle42_64\dual_plane_fusion_cnn_sample43.png
dual_plane_fusion_cnn,43,2,73.81907599222639,73.40353876181372,30.228499089699792,0.1,0.6903778114069768,0.20173622887195755,0.7982638006399826,result\figures\cycle43_attribution_cycle42_64\dual_plane_fusion_cnn_sample43.png
dual_plane_fusion_cnn,43,3,75.86825619142974,76.25709287876741,29.513368777702578,0.1,0.6960330782692231,0.27281762999831777,0.7271823955755897,result\figures\cycle43_attribution_cycle42_64\dual_plane_fusion_cnn_sample43.png
dual_plane_fusion_cnn,43,4,68.43172553777532,60.66292549603118,48.751260531279435,0.1,0.5016565016364621,0.9335680773391326,0.0664318865910936,result\figures\cycle43_attribution_cycle42_64\dual_plane_fusion_cnn_sample43.png
dual_plane_fusion_cnn,43,5,76.30740977805308,77.18934859064318,29.7977562883857,0.1,0.6638731434173798,0.3598550922080512,0.6401448803029322,result\figures\cycle43_attribution_cycle42_64\dual_plane_fusion_cnn_sample43.png
dual_plane_fusion_cnn,43,6,76.7029612519682,76.94344890318435,28.744279958989715,0.1,0.7051498829401881,0.2587807523276125,0.7412192309325073,result\figures\cycle43_attribution_cycle42_64\dual_plane_fusion_cnn_sample43.png
dual_plane_fusion_cnn,44,1,66.2419957518845,81.03902952571438,42.88435578914486,0.1,0.5718037889138098,0.8758739623325553,0.1241260134327857,result\figures\cycle43_attribution_cycle42_64\dual_plane_fusion_cnn_sample44.png
dual_plane_fusion_cnn,44,2,74.65670802507692,75.1013275616451,28.126382200151667,0.1,0.7266404100444627,0.19551705939893202,0.8044829221433467,result\figures\cycle43_attribution_cycle42_64\dual_plane_fusion_cnn_sample44.png
dual_plane_fusion_cnn,44,3,74.90759103244852,81.19365613432115,29.530857534757367,0.1,0.7048791188937816,0.25494980750276613,0.7450502137333841,result\figures\cycle43_attribution_cycle42_64\dual_plane_fusion_cnn_sample44.png
dual_plane_fusion_cnn,44,4,67.1910004839625,82.13686993238707,40.93149739163365,0.1,0.5872991731857394,0.8756244434215313,0.1243755818258458,result\figures\cycle43_attribution_cycle42_64\dual_plane_fusion_cnn_sample44.png
dual_plane_fusion_cnn,44,5,73.29666164205669,74.72632208451189,31.271403154033127,0.1,0.6583314353181662,0.33052951018153093,0.6694705290008093,result\figures\cycle43_attribution_cycle42_64\dual_plane_fusion_cnn_sample44.png
dual_plane_fusion_cnn,44,6,75.99307765090224,80.9948003609172,28.963522063735045,0.1,0.7188985673997085,0.202652482341733,0.7973475378654673,result\figures\cycle43_attribution_cycle42_64\dual_plane_fusion_cnn_sample44.png
dual_plane_fusion_cnn,45,1,66.34141290733297,64.16689994766666,52.08532046684195,0.1,0.4795231359638487,0.9728923166632212,0.02710767395680147,result\figures\cycle43_attribution_cycle42_64\dual_plane_fusion_cnn_sample45.png
dual_plane_fusion_cnn,45,2,70.70839652427158,69.82654748721781,42.71971659283831,0.1,0.49366093771279723,0.5532000189995249,0.44679994354084296,result\figures\cycle43_attribution_cycle42_64\dual_plane_fusion_cnn_sample45.png
dual_plane_fusion_cnn,45,3,73.19854349653959,79.64868962571651,33.73288886962991,0.1,0.6366637332517744,0.3772822624624112,0.6227177375375871,result\figures\cycle43_attribution_cycle42_64\dual_plane_fusion_cnn_sample45.png
dual_plane_fusion_cnn,45,4,66.00298202094292,63.31736785482289,52.22535288988158,0.1,0.48178745164968373,0.9720204185036264,0.0279796026173317,result\figures\cycle43_attribution_cycle42_64\dual_plane_fusion_cnn_sample45.png
dual_plane_fusion_cnn,45,5,77.92947803296502,75.48725958465542,31.952636531804185,0.1,0.6494962461269668,0.311966345700695,0.6880335985928088,result\figures\cycle43_attribution_cycle42_64\dual_plane_fusion_cnn_sample45.png
dual_plane_fusion_cnn,45,6,72.96014828992007,79.92396541774106,30.462984990856175,0.1,0.7057018084880968,0.16450125802217003,0.835498711590819,result\figures\cycle43_attribution_cycle42_64\dual_plane_fusion_cnn_sample45.png
dual_plane_fusion_cnn,46,1,74.07750424128663,71.48096110205209,38.940008815006095,0.1,0.5855223341925948,0.9435393803576055,0.05646065142847136,result\figures\cycle43_attribution_cycle42_64\dual_plane_fusion_cnn_sample46.png
dual_plane_fusion_cnn,46,2,77.74570791969055,75.27863239335448,27.899832091174808,0.1,0.7171082910642753,0.24491628781035402,0.7550837386800051,result\figures\cycle43_attribution_cycle42_64\dual_plane_fusion_cnn_sample46.png
dual_plane_fusion_cnn,46,3,75.66571432987766,80.79935516202374,27.09953600581881,0.1,0.7554358281713716,0.1836747189143897,0.8163252412503408,result\figures\cycle43_attribution_cycle42_64\dual_plane_fusion_cnn_sample46.png
dual_plane_fusion_cnn,46,4,72.30403034823291,63.76695001355824,42.99323719626797,0.1,0.5566448318838052,0.9332747360051226,0.06672526399487629,result\figures\cycle43_attribution_cycle42_64\dual_plane_fusion_cnn_sample46.png
dual_plane_fusion_cnn,46,5,77.70568779033913,77.33986401506166,27.516082930031207,0.1,0.7136541958478203,0.3014563927757993,0.6985436072241988,result\figures\cycle43_attribution_cycle42_64\dual_plane_fusion_cnn_sample46.png
dual_plane_fusion_cnn,46,6,75.65778911537139,79.5681572210446,28.079561961596443,0.1,0.7454208312604572,0.1677290588583771,0.8322709411416207,result\figures\cycle43_attribution_cycle42_64\dual_plane_fusion_cnn_sample46.png
dual_plane_fusion_cnn,47,1,63.160283023530155,64.22568211721308,52.30856252718474,0.1,0.479901228260907,0.9516795532284583,0.04832046258883703,result\figures\cycle43_attribution_cycle42_64\dual_plane_fusion_cnn_sample47.png
dual_plane_fusion_cnn,47,2,66.84276976099235,67.31451703900265,41.659785371074086,0.1,0.5306052046039311,0.5074204219361341,0.49257951986128184,result\figures\cycle43_attribution_cycle42_64\dual_plane_fusion_cnn_sample47.png
dual_plane_fusion_cnn,47,3,67.56244765991298,68.43448760538591,40.97159394815018,0.1,0.5399463073910172,0.49790595366480916,0.5020939972080034,result\figures\cycle43_attribution_cycle42_64\dual_plane_fusion_cnn_sample47.png
dual_plane_fusion_cnn,47,4,64.21860326807136,65.9164146291056,52.08906911755997,0.1,0.4770914234919092,0.98007772411241,0.0199222736739639,result\figures\cycle43_attribution_cycle42_64\dual_plane_fusion_cnn_sample47.png
dual_plane_fusion_cnn,47,5,67.21978007662844,68.45823152629153,39.16600460981548,0.1,0.5663760004095484,0.43738772052023195,0.5626122794797668,result\figures\cycle43_attribution_cycle42_64\dual_plane_fusion_cnn_sample47.png
dual_plane_fusion_cnn,47,6,68.66902280702001,70.1321938667634,37.697213567049225,0.1,0.5808682823733669,0.39992510661412933,0.6000749295802372,result\figures\cycle43_attribution_cycle42_64\dual_plane_fusion_cnn_sample47.png
dual_plane_fusion_cnn,48,1,73.26293550810503,77.71568790448646,30.64404734412135,0.1,0.7003267656881029,0.8544682505002107,0.1455317494997858,result\figures\cycle43_attribution_cycle42_64\dual_plane_fusion_cnn_sample48.png
dual_plane_fusion_cnn,48,2,77.10315317624995,74.58758028227238,26.84763482743489,0.1,0.7607233405038303,0.08094820403013513,0.9190518152200408,result\figures\cycle43_attribution_cycle42_64\dual_plane_fusion_cnn_sample48.png
dual_plane_fusion_cnn,48,3,73.4674040754358,78.4711958951266,29.16959803168177,0.1,0.7004861687883893,0.2613311048464101,0.7386688713225605,result\figures\cycle43_attribution_cycle42_64\dual_plane_fusion_cnn_sample48.png
dual_plane_fusion_cnn,48,4,73.34769861922524,76.3665590959123,30.221848431180874,0.1,0.7036318470236556,0.8360368300182637,0.16396319842242812,result\figures\cycle43_attribution_cycle42_64\dual_plane_fusion_cnn_sample48.png
dual_plane_fusion_cnn,48,5,75.34592319427904,74.77195249007045,27.790050926018793,0.1,0.7377104965465221,0.1431403405372777,0.8568596723830789,result\figures\cycle43_attribution_cycle42_64\dual_plane_fusion_cnn_sample48.png
dual_plane_fusion_cnn,48,6,73.73067308264835,75.8268716406723,29.952153476598916,0.1,0.6932822564941241,0.25966504882794084,0.7403349724187782,result\figures\cycle43_attribution_cycle42_64\dual_plane_fusion_cnn_sample48.png
dual_plane_fusion_cnn,49,1,64.55324849983246,68.02063905620263,53.093352551405026,0.1,0.4689769638954837,0.954289834821313,0.04571018270137634,result\figures\cycle43_attribution_cycle42_64\dual_plane_fusion_cnn_sample49.png
dual_plane_fusion_cnn,49,2,69.82687159661042,71.53517717000219,36.888043977535794,0.1,0.5941412876817104,0.4122796631151073,0.587720385852996,result\figures\cycle43_attribution_cycle42_64\dual_plane_fusion_cnn_sample49.png
dual_plane_fusion_cnn,49,3,69.42224527269275,72.03385315261411,38.69553177479951,0.1,0.5603396589651315,0.46634401785523405,0.5336560175291317,result\figures\cycle43_attribution_cycle42_64\dual_plane_fusion_cnn_sample49.png
dual_plane_fusion_cnn,49,4,64.0605635030098,68.27600792878556,53.3476905640038,0.1,0.4711505062200079,0.9466826601472391,0.05331732010004919,result\figures\cycle43_attribution_cycle42_64\dual_plane_fusion_cnn_sample49.png
dual_plane_fusion_cnn,49,5,77.74230904485917,76.64344224977526,25.77415178666909,0.1,0.7663896796789825,0.15053200707799205,0.8494679758977791,result\figures\cycle43_attribution_cycle42_64\dual_plane_fusion_cnn_sample49.png
dual_plane_fusion_cnn,49,6,69.73433954821107,73.9764115224656,36.183702695012066,0.1,0.5982305086915635,0.3640932096815755,0.6359067903184229,result\figures\cycle43_attribution_cycle42_64\dual_plane_fusion_cnn_sample49.png
dual_plane_fusion_cnn,50,1,63.99367463259167,66.11745800685442,54.33475695491596,0.1,0.4606420787848961,0.955065497838215,0.04493452568317016,result\figures\cycle43_attribution_cycle42_64\dual_plane_fusion_cnn_sample50.png
dual_plane_fusion_cnn,50,2,73.28353490354044,70.73061009062378,35.161098097558835,0.1,0.6163285391687815,0.3516264895236768,0.6483735517025345,result\figures\cycle43_attribution_cycle42_64\dual_plane_fusion_cnn_sample50.png
dual_plane_fusion_cnn,50,3,69.49687447798169,72.41383663645242,38.9024693803729,0.1,0.5694161551615087,0.4885842152294152,0.511415784770583,result\figures\cycle43_attribution_cycle42_64\dual_plane_fusion_cnn_sample50.png
dual_plane_fusion_cnn,50,4,63.8739739028913,66.40324108000571,54.380703867113894,0.1,0.4613834577860441,0.9600029220144535,0.039997053412631364,result\figures\cycle43_attribution_cycle42_64\dual_plane_fusion_cnn_sample50.png
dual_plane_fusion_cnn,50,5,67.00663174120868,69.26981269836132,44.92263055019307,0.1,0.4888916478383105,0.586140847740842,0.4138591035939088,result\figures\cycle43_attribution_cycle42_64\dual_plane_fusion_cnn_sample50.png
dual_plane_fusion_cnn,50,6,68.6010696736562,69.56843328173336,42.0422007946633,0.1,0.5326581264476157,0.5462435847625299,0.4537563596389289,result\figures\cycle43_attribution_cycle42_64\dual_plane_fusion_cnn_sample50.png
dual_plane_fusion_cnn,51,1,69.86501371919961,70.54470873185095,46.404474413265106,0.1,0.5176355061961617,0.965497527183098,0.03450248968297487,result\figures\cycle43_attribution_cycle42_64\dual_plane_fusion_cnn_sample51.png
dual_plane_fusion_cnn,51,2,77.818042816583,76.14822510621794,25.397774226448803,0.1,0.7782247847496314,0.19895048796234827,0.8010495120376467,result\figures\cycle43_attribution_cycle42_64\dual_plane_fusion_cnn_sample51.png
dual_plane_fusion_cnn,51,3,77.13345386427258,74.9222459425631,29.84886769023033,0.1,0.7071194557271822,0.3319918079073801,0.6680082123793136,result\figures\cycle43_attribution_cycle42_64\dual_plane_fusion_cnn_sample51.png
dual_plane_fusion_cnn,51,4,69.75066970233725,69.8632790913558,46.669864998662845,0.1,0.5167818775009055,0.9815060484150508,0.018493990182909904,result\figures\cycle43_attribution_cycle42_64\dual_plane_fusion_cnn_sample51.png
dual_plane_fusion_cnn,51,5,75.6747376326685,73.90973261666015,25.84357216204528,0.1,0.7775855384751087,0.15719520635440462,0.8428047936455906,result\figures\cycle43_attribution_cycle42_64\dual_plane_fusion_cnn_sample51.png
dual_plane_fusion_cnn,51,6,75.11882611546997,75.27412270052416,32.83065101227095,0.1,0.6563432831759275,0.4231813037558678,0.5768187431730181,result\figures\cycle43_attribution_cycle42_64\dual_plane_fusion_cnn_sample51.png
dual_plane_fusion_cnn,52,1,75.21446126527735,77.44446250989802,24.37816212684408,0.1,0.8046397955626201,0.9004916711942487,0.09950834883047063,result\figures\cycle43_attribution_cycle42_64\dual_plane_fusion_cnn_sample52.png
dual_plane_fusion_cnn,52,2,75.16611934828327,76.78746714527668,23.20748921506583,0.1,0.8216514094842482,0.08187219025829796,0.9181277726368011,result\figures\cycle43_attribution_cycle42_64\dual_plane_fusion_cnn_sample52.png
dual_plane_fusion_cnn,52,3,79.75209620688916,80.34075999398927,23.1283276519308,0.1,0.8259120950386291,0.1692774385948062,0.8307225614051829,result\figures\cycle43_attribution_cycle42_64\dual_plane_fusion_cnn_sample52.png
dual_plane_fusion_cnn,52,4,76.2908621547868,74.86318194045107,24.620982172184277,0.1,0.8085277714709208,0.8937126683753563,0.10628730691152458,result\figures\cycle43_attribution_cycle42_64\dual_plane_fusion_cnn_sample52.png
dual_plane_fusion_cnn,52,5,75.44779601640582,76.68861599864033,22.8252481100367,0.1,0.8277200436370494,0.0624147809863965,0.937585219013598,result\figures\cycle43_attribution_cycle42_64\dual_plane_fusion_cnn_sample52.png
dual_plane_fusion_cnn,52,6,79.29726271565274,80.17444926157334,22.93471199794051,0.1,0.8208432708688229,0.20052936126357282,0.7994706976682726,result\figures\cycle43_attribution_cycle42_64\dual_plane_fusion_cnn_sample52.png
dual_plane_fusion_cnn,53,1,83.66939592184309,68.11383131129939,36.166637359475146,0.1,0.6211533196099349,0.8644656674009551,0.13553434629730945,result\figures\cycle43_attribution_cycle42_64\dual_plane_fusion_cnn_sample53.png
dual_plane_fusion_cnn,53,2,78.77553367758892,73.86915262407165,29.3696717802734,0.1,0.6958038040325437,0.2565263885674401,0.7434736638423998,result\figures\cycle43_attribution_cycle42_64\dual_plane_fusion_cnn_sample53.png
dual_plane_fusion_cnn,53,3,79.24737965485272,77.66095068945374,26.837758042066795,0.1,0.7362735389300585,0.19203133897286015,0.8079686187346314,result\figures\cycle43_attribution_cycle42_64\dual_plane_fusion_cnn_sample53.png
dual_plane_fusion_cnn,53,4,78.07844611999266,64.62110826290834,34.545248381594035,0.1,0.6431720542042403,0.7560249159276601,0.2439751392849713,result\figures\cycle43_attribution_cycle42_64\dual_plane_fusion_cnn_sample53.png
dual_plane_fusion_cnn,53,5,76.7459450075453,73.16722274914426,25.877865118990428,0.1,0.775793912673456,0.1123466025963002,0.8876533783048131,result\figures\cycle43_attribution_cycle42_64\dual_plane_fusion_cnn_sample53.png
dual_plane_fusion_cnn,53,6,79.37212805707843,73.61199352145016,29.651733795959608,0.1,0.6948986610668509,0.30447268738663397,0.6955273394263972,result\figures\cycle43_attribution_cycle42_64\dual_plane_fusion_cnn_sample53.png
dual_plane_fusion_cnn,54,1,67.6598769545729,83.34579311119793,39.429720224188216,0.1,0.6186358369374716,0.8420848454565096,0.15791517245044662,result\figures\cycle43_attribution_cycle42_64\dual_plane_fusion_cnn_sample54.png
dual_plane_fusion_cnn,54,2,76.38693527322921,74.09166458819224,27.298765885084617,0.1,0.7472855835511754,0.2120880229872125,0.7879120104073464,result\figures\cycle43_attribution_cycle42_64\dual_plane_fusion_cnn_sample54.png
dual_plane_fusion_cnn,54,3,71.86277958804973,81.5717240578425,32.351803009478786,0.1,0.6730769694309806,0.4551988815076129,0.5448011184923813,result\figures\cycle43_attribution_cycle42_64\dual_plane_fusion_cnn_sample54.png
dual_plane_fusion_cnn,54,4,68.26920890532016,83.88686307728373,38.62471172554,0.1,0.6438198225166442,0.9024571033924329,0.09754285844264518,result\figures\cycle43_attribution_cycle42_64\dual_plane_fusion_cnn_sample54.png
dual_plane_fusion_cnn,54,5,73.3961509620906,75.70453573986502,29.230400039304772,0.1,0.7145827985297584,0.25188280574766686,0.748117225736324,result\figures\cycle43_attribution_cycle42_64\dual_plane_fusion_cnn_sample54.png
dual_plane_fusion_cnn,54,6,79.89390866922912,80.84245897842307,22.07443175984963,0.1,0.8538218392648697,0.07724645146935859,0.9227534966431873,result\figures\cycle43_attribution_cycle42_64\dual_plane_fusion_cnn_sample54.png
dual_plane_fusion_cnn,55,1,71.45252243641362,77.34416523650086,28.602429225085857,0.1,0.7273386318273545,0.7851374982032145,0.21486250179677996,result\figures\cycle43_attribution_cycle42_64\dual_plane_fusion_cnn_sample55.png
dual_plane_fusion_cnn,55,2,77.69037401417722,75.62849168628317,28.106521291341142,0.1,0.7320215753428038,0.142671531594359,0.8573284477042895,result\figures\cycle43_attribution_cycle42_64\dual_plane_fusion_cnn_sample55.png
dual_plane_fusion_cnn,55,3,76.28602895600696,75.59787015025643,27.856823945784065,0.1,0.7272858928210941,0.22924660764432203,0.7707534218016743,result\figures\cycle43_attribution_cycle42_64\dual_plane_fusion_cnn_sample55.png
dual_plane_fusion_cnn,55,4,72.09584938631086,76.71293187468441,28.332206999304912,0.1,0.7462639564411283,0.8629447825675904,0.13705521743240406,result\figures\cycle43_attribution_cycle42_64\dual_plane_fusion_cnn_sample55.png
dual_plane_fusion_cnn,55,5,78.22770915646407,74.97523325664557,27.978369833357537,0.1,0.7364590282538765,0.17291998173328196,0.8270800301097648,result\figures\cycle43_attribution_cycle42_64\dual_plane_fusion_cnn_sample55.png
dual_plane_fusion_cnn,55,6,78.68292699411835,72.88856492335535,29.365630677864004,0.1,0.6998324570447201,0.3732062639554073,0.6267937079015952,result\figures\cycle43_attribution_cycle42_64\dual_plane_fusion_cnn_sample55.png
dual_plane_fusion_cnn,56,1,69.14226233133279,70.11840562826478,50.75264573859737,0.1,0.5028060530402102,0.9773283646200913,0.022671655044170253,result\figures\cycle43_attribution_cycle42_64\dual_plane_fusion_cnn_sample56.png
dual_plane_fusion_cnn,56,2,74.11709673466015,72.74187029944643,31.95086585779262,0.1,0.6680124048262948,0.30958840772238766,0.6904115419879915,result\figures\cycle43_attribution_cycle42_64\dual_plane_fusion_cnn_sample56.png
dual_plane_fusion_cnn,56,3,75.68302809174783,72.08379389056161,31.86513434377298,0.1,0.6561050331108923,0.39182156080439456,0.6081784391955944,result\figures\cycle43_attribution_cycle42_64\dual_plane_fusion_cnn_sample56.png
dual_plane_fusion_cnn,56,4,69.2567306493741,69.93038732584259,50.8251720049758,0.1,0.5021276188114298,0.9866168768215224,0.013383096899776722,result\figures\cycle43_attribution_cycle42_64\dual_plane_fusion_cnn_sample56.png
dual_plane_fusion_cnn,56,5,73.40608107801495,73.05236234237381,31.216658238698038,0.1,0.6910133962060628,0.2513403223594625,0.7486597030919447,result\figures\cycle43_attribution_cycle42_64\dual_plane_fusion_cnn_sample56.png
dual_plane_fusion_cnn,56,6,73.84169298320036,70.95639945883214,40.90538172754672,0.1,0.525375360153283,0.5975332628961845,0.4024667055911296,result\figures\cycle43_attribution_cycle42_64\dual_plane_fusion_cnn_sample56.png
dual_plane_fusion_cnn,57,1,71.59013230311726,81.73138006223898,33.71249168735775,0.1,0.6589525752024382,0.7751626021816479,0.22483743378830476,result\figures\cycle43_attribution_cycle42_64\dual_plane_fusion_cnn_sample57.png
dual_plane_fusion_cnn,57,2,75.00920848832685,75.98710899662063,32.215956980288034,0.1,0.641766191769709,0.24216180775041782,0.7578382382286638,result\figures\cycle43_attribution_cycle42_64\dual_plane_fusion_cnn_sample57.png
dual_plane_fusion_cnn,57,3,75.22120496252997,78.1941959776831,31.574138695004006,0.1,0.6605132472861274,0.37673552852257763,0.6232645149226543,result\figures\cycle43_attribution_cycle42_64\dual_plane_fusion_cnn_sample57.png
dual_plane_fusion_cnn,57,4,71.13756006001357,82.48817051646638,35.907900538749864,0.1,0.6553765277870782,0.9194517844824622,0.08054818966221558,result\figures\cycle43_attribution_cycle42_64\dual_plane_fusion_cnn_sample57.png
dual_plane_fusion_cnn,57,5,77.03694692924698,75.88606374604528,29.537224399106066,0.1,0.6932938663542224,0.06635822828019847,0.9336417444444178,result\figures\cycle43_attribution_cycle42_64\dual_plane_fusion_cnn_sample57.png
dual_plane_fusion_cnn,57,6,78.1896126347725,73.75262558246665,32.005475583801136,0.1,0.6468166167323232,0.4214792575895925,0.5785207823531149,result\figures\cycle43_attribution_cycle42_64\dual_plane_fusion_cnn_sample57.png
dual_plane_fusion_cnn,58,1,63.13575236486381,66.35872546610784,55.63678442307157,0.1,0.4683970186861894,0.985231792765096,0.014768196320087955,result\figures\cycle43_attribution_cycle42_64\dual_plane_fusion_cnn_sample58.png
dual_plane_fusion_cnn,58,2,71.26703703720449,71.29423982590932,43.43431676775984,0.1,0.4963493694030212,0.5968359632894493,0.4031640033935372,result\figures\cycle43_attribution_cycle42_64\dual_plane_fusion_cnn_sample58.png
dual_plane_fusion_cnn,58,3,68.41836352600293,73.59564617315536,36.20398426598803,0.1,0.6146840485149067,0.331132800637606,0.6688671704517608,result\figures\cycle43_attribution_cycle42_64\dual_plane_fusion_cnn_sample58.png
dual_plane_fusion_cnn,58,4,62.80639284105262,65.65254072909634,55.73444281395157,0.1,0.4661294508706128,0.9585727158349039,0.041427250534511045,result\figures\cycle43_attribution_cycle42_64\dual_plane_fusion_cnn_sample58.png
dual_plane_fusion_cnn,58,5,67.29149089664696,70.09260218628985,38.23525605939223,0.1,0.5825407260542272,0.3663960645302792,0.6336039890712831,result\figures\cycle43_attribution_cycle42_64\dual_plane_fusion_cnn_sample58.png
dual_plane_fusion_cnn,58,6,67.83810918429593,74.57917180326729,39.315128655015144,0.1,0.5561318735880941,0.44892354563748205,0.551076454362516,result\figures\cycle43_attribution_cycle42_64\dual_plane_fusion_cnn_sample58.png
dual_plane_fusion_cnn,59,1,64.82284852999074,70.30287903541847,51.331748091279856,0.1,0.47878223060650454,0.9862512912665007,0.01374870748748765,result\figures\cycle43_attribution_cycle42_64\dual_plane_fusion_cnn_sample59.png
dual_plane_fusion_cnn,59,2,68.71495664789839,71.71819674562855,40.24492804702292,0.1,0.5316658337216564,0.48519155825729376,0.5148084023306695,result\figures\cycle43_attribution_cycle42_64\dual_plane_fusion_cnn_sample59.png
dual_plane_fusion_cnn,59,3,75.87795945925778,81.69404247837554,27.969806175137233,0.1,0.751280470579666,0.21990638012692343,0.7800935687928281,result\figures\cycle43_attribution_cycle42_64\dual_plane_fusion_cnn_sample59.png
dual_plane_fusion_cnn,59,4,65.05196751076606,70.91789967914686,51.07066466974248,0.1,0.48029656875193405,0.9719166993028298,0.02808331333247992,result\figures\cycle43_attribution_cycle42_64\dual_plane_fusion_cnn_sample59.png
dual_plane_fusion_cnn,59,5,78.20886133895644,75.07614592463818,28.57863882460635,0.1,0.7075759668141677,0.23282874750335167,0.7671712374097934,result\figures\cycle43_attribution_cycle42_64\dual_plane_fusion_cnn_sample59.png
dual_plane_fusion_cnn,59,6,73.30589383291543,80.78841654582425,30.978242088918293,0.1,0.7068466030040371,0.25653869260280154,0.7434613317079465,result\figures\cycle43_attribution_cycle42_64\dual_plane_fusion_cnn_sample59.png
dual_plane_fusion_cnn,60,1,63.99575269319246,64.6688253741375,55.75557427300764,0.1,0.4631772476549043,0.9542328293569364,0.045767173973914034,result\figures\cycle43_attribution_cycle42_64\dual_plane_fusion_cnn_sample60.png
dual_plane_fusion_cnn,60,2,73.04151720583516,74.0742610382831,35.6061112136337,0.1,0.5987039536510301,0.27771451252022117,0.722285487479777,result\figures\cycle43_attribution_cycle42_64\dual_plane_fusion_cnn_sample60.png
dual_plane_fusion_cnn,60,3,75.70699072510692,80.7165970767773,30.209379456326648,0.1,0.6940569970976908,0.25408336451996716,0.7459166712171958,result\figures\cycle43_attribution_cycle42_64\dual_plane_fusion_cnn_sample60.png
dual_plane_fusion_cnn,60,4,64.18588036979729,64.52221386273831,55.81379266911826,0.1,0.46482026449251296,0.9670992780009436,0.0329007600943722,result\figures\cycle43_attribution_cycle42_64\dual_plane_fusion_cnn_sample60.png
dual_plane_fusion_cnn,60,5,72.03169004739122,71.80213018708936,39.41388635210566,0.1,0.5383704464741648,0.40473918477852877,0.595260784658428,result\figures\cycle43_attribution_cycle42_64\dual_plane_fusion_cnn_sample60.png
dual_plane_fusion_cnn,60,6,73.49548892195766,76.44545782499462,36.182259784285975,0.1,0.6049177172272482,0.38875894589987015,0.6112410215737224,result\figures\cycle43_attribution_cycle42_64\dual_plane_fusion_cnn_sample60.png
dual_plane_fusion_cnn,61,1,70.56018192554049,63.50900010672225,45.944718953872645,0.1,0.5194938224416792,0.9207397561106838,0.07926026490845732,result\figures\cycle43_attribution_cycle42_64\dual_plane_fusion_cnn_sample61.png
dual_plane_fusion_cnn,61,2,75.04584413121371,73.91382737291306,26.020147980549208,0.1,0.7625333757063874,0.18890989748419523,0.8110901192836284,result\figures\cycle43_attribution_cycle42_64\dual_plane_fusion_cnn_sample61.png
dual_plane_fusion_cnn,61,3,70.71347342098588,71.8601517819234,37.357723264983804,0.1,0.5904955710673842,0.3881953602436199,0.6118046397563784,result\figures\cycle43_attribution_cycle42_64\dual_plane_fusion_cnn_sample61.png
dual_plane_fusion_cnn,61,4,71.45876389247893,64.89369012473156,44.6180380547881,0.1,0.5246907861808789,0.9111473463280835,0.08885262619261965,result\figures\cycle43_attribution_cycle42_64\dual_plane_fusion_cnn_sample61.png
dual_plane_fusion_cnn,61,5,76.81369827624367,72.17129934753426,30.94993023564726,0.1,0.663421932134278,0.36340717135157097,0.6365928027390173,result\figures\cycle43_attribution_cycle42_64\dual_plane_fusion_cnn_sample61.png
dual_plane_fusion_cnn,61,6,71.05650002703187,73.61272950753693,35.27220701636471,0.1,0.6239724513218351,0.32501124325664565,0.6749888087473149,result\figures\cycle43_attribution_cycle42_64\dual_plane_fusion_cnn_sample61.png
dual_plane_fusion_cnn,62,1,64.26988132760117,70.5713724063131,49.43064535850601,0.1,0.4693714689166359,0.8600010614667618,0.13999892529138377,result\figures\cycle43_attribution_cycle42_64\dual_plane_fusion_cnn_sample62.png
dual_plane_fusion_cnn,62,2,74.83864577473823,73.52204320796946,25.168465748928785,0.1,0.7957317103371883,0.1206120841104702,0.8793878891316539,result\figures\cycle43_attribution_cycle42_64\dual_plane_fusion_cnn_sample62.png
dual_plane_fusion_cnn,62,3,70.63359440015796,75.65750930138363,32.331816261155566,0.1,0.6782586042938255,0.26048757791366656,0.739512422086332,result\figures\cycle43_attribution_cycle42_64\dual_plane_fusion_cnn_sample62.png
dual_plane_fusion_cnn,62,4,66.53543898453272,68.46304610075124,45.02795005130361,0.1,0.5081182616209132,0.7978646912569004,0.20213527642460158,result\figures\cycle43_attribution_cycle42_64\dual_plane_fusion_cnn_sample62.png
dual_plane_fusion_cnn,62,5,67.85303852835935,72.14175085024283,34.14279871850135,0.1,0.6552199868169413,0.2800759116937887,0.7199241259794986,result\figures\cycle43_attribution_cycle42_64\dual_plane_fusion_cnn_sample62.png
dual_plane_fusion_cnn,62,6,69.15171314980685,75.6849845782619,34.74081769911437,0.1,0.6386591673874153,0.338837796631289,0.661162163276086,result\figures\cycle43_attribution_cycle42_64\dual_plane_fusion_cnn_sample62.png
dual_plane_fusion_cnn,63,1,73.40791681348377,69.5994588374744,34.755106292738155,0.1,0.6404158227315888,0.8181162392327568,0.18188372627840751,result\figures\cycle43_attribution_cycle42_64\dual_plane_fusion_cnn_sample63.png
dual_plane_fusion_cnn,63,2,77.47236403535061,74.55537603834884,28.845014724771527,0.1,0.7035765801066637,0.1788905123367231,0.8211094372038522,result\figures\cycle43_attribution_cycle42_64\dual_plane_fusion_cnn_sample63.png
dual_plane_fusion_cnn,63,3,76.211329984529,76.1698092899076,31.53155468315656,0.1,0.6505326678021326,0.4065835672000551,0.5934164754555956,result\figures\cycle43_attribution_cycle42_64\dual_plane_fusion_cnn_sample63.png
dual_plane_fusion_cnn,63,4,74.80550781701824,72.74777270104998,29.938321602420164,0.1,0.7081468905516709,0.8224304135829136,0.17756960489575288,result\figures\cycle43_attribution_cycle42_64\dual_plane_fusion_cnn_sample63.png
dual_plane_fusion_cnn,63,5,77.70806010937343,74.38150792596576,28.789908362094433,0.1,0.6982271976885962,0.15437015886435546,0.8456298640200337,result\figures\cycle43_attribution_cycle42_64\dual_plane_fusion_cnn_sample63.png
dual_plane_fusion_cnn,63,6,77.22034513010787,73.82045953271167,29.75266422712615,0.1,0.6911745581353411,0.3370855947950448,0.6629144328692216,result\figures\cycle43_attribution_cycle42_64\dual_plane_fusion_cnn_sample63.png
