sample_index,state,main_lobe_ratio,total_energy,main_lobe_energy,peak_intensity
0,before,0.4757281535823505,118378371.08918388,56315923.90234375,4926504.5
0,baseline_compensated,0.5912068449392338,120652927.78682707,71330836.76953125,10464911.0
0,physics_compensated,0.6045582272041019,120863484.67900601,73069014.03125,10965982.0
0,ideal,0.6506310255737309,121605536.47959268,79120334.91516113,12780168.0
1,before,0.444572832070314,117966497.69070625,52444699.96777344,7454678.5
1,baseline_compensated,0.571652337869633,120324945.8063183,68784036.57421875,9590533.0
1,physics_compensated,0.5578120347546208,120114071.51207483,67001074.6328125,9109910.0
1,ideal,0.6506310255737309,121605536.47959268,79120334.91516113,12780168.0
2,before,0.42634803226623874,117846216.1171352,50243502.3515625,4302801.5
2,baseline_compensated,0.5924185406184131,120643976.90822974,71471728.734375,10319123.0
2,physics_compensated,0.6167588842219226,121029745.72284922,74646170.9296875,11249683.0
2,ideal,0.6506310255737309,121605536.47959268,79120334.91516113,12780168.0
3,before,0.40009668386873526,117279883.88025409,46923292.625,6982117.5
3,baseline_compensated,0.45280312151879154,118832097.04050033,53807544.4765625,7220250.0
3,physics_compensated,0.47128633549288024,119171601.50304416,56163947.3671875,8277290.5
3,ideal,0.6506310255737309,121605536.47959268,79120334.91516113,12780168.0
4,before,0.3292025309048621,116545920.79924783,38367212.09375,4204439.0
4,baseline_compensated,0.4633572400519398,118768147.36418322,55032080.96875,6114364.5
4,physics_compensated,0.4722019656601291,118902189.08292599,56145847.40625,6446544.5
4,ideal,0.6506310255737309,121605536.47959268,79120334.91516113,12780168.0
5,before,0.30681803385928497,116677653.90741602,35798808.3671875,4175291.5
5,baseline_compensated,0.5043380706416095,119140485.90548266,60087082.796875,6139125.5
5,physics_compensated,0.5198959933315599,119363130.52700134,62056413.3125,6596031.0
5,ideal,0.6506310255737309,121605536.47959268,79120334.91516113,12780168.0
6,before,0.36672903551620845,117086820.17056897,42939136.6328125,5977946.0
6,baseline_compensated,0.569937550975903,120587066.84093058,68727097.5546875,11265132.0
6,physics_compensated,0.5560120808757516,120353108.30315158,66917782.1875,10640391.0
6,ideal,0.6506310255737309,121605536.47959268,79120334.91516113,12780168.0
7,before,0.39729299580880684,117658441.522939,46744874.71484375,3942011.5
7,baseline_compensated,0.5551424661132615,120082705.38869298,66663009.20703125,9088210.0
7,physics_compensated,0.556390421205255,120144993.52087316,66847523.55078125,9397748.0
7,ideal,0.6506310255737309,121605536.47959268,79120334.91516113,12780168.0
8,before,0.2906328200296397,116377947.55075525,33823251.0859375,4101705.75
8,baseline_compensated,0.43771351680451165,118261283.84835058,51764562.455078125,4437381.5
8,physics_compensated,0.3708756991714931,117443091.24439108,43556788.578125,3696543.75
8,ideal,0.6506310255737309,121605536.47959268,79120334.91516113,12780168.0
9,before,0.5142723543722587,118842363.29085249,61117341.96875,6972286.5
9,baseline_compensated,0.5896304683632647,120581219.14240548,71098360.71875,10071124.0
9,physics_compensated,0.6099978150020519,120886056.70313254,73740230.453125,10761256.0
9,ideal,0.6506310255737309,121605536.47959268,79120334.91516113,12780168.0
10,before,0.36946169946438867,117277873.51123704,43329682.45703125,4681661.0
10,baseline_compensated,0.4392270523256563,118297189.53620875,51959325.85839844,4572317.5
10,physics_compensated,0.4289585535152995,118223102.45113808,50712811.01953125,4624914.0
10,ideal,0.6506310255737309,121605536.47959268,79120334.91516113,12780168.0
11,before,0.41875520078327705,117557146.2812914,49227666.39453125,3766110.75
11,baseline_compensated,0.4943794771940524,118983965.3851031,58823230.6015625,6689074.0
11,physics_compensated,0.49186438097222945,118994557.52574486,58529184.376464844,6759874.5
11,ideal,0.6506310255737309,121605536.47959268,79120334.91516113,12780168.0
12,before,0.31219943227901786,116627477.60647383,36411032.296875,3891608.25
12,baseline_compensated,0.4955438977085496,119389256.06366274,59162617.29431152,8278823.5
12,physics_compensated,0.5081183878036509,119465075.9009372,60702401.765625,8017472.5
12,ideal,0.6506310255737309,121605536.47959268,79120334.91516113,12780168.0
13,before,0.3583541890125937,116840323.20368257,41870219.265625,2895475.0
13,baseline_compensated,0.3578728171210803,117120882.72944385,41914380.24609375,4608153.0
13,physics_compensated,0.3307606515552915,116838882.03836061,38645704.75,3861485.5
13,ideal,0.6506310255737309,121605536.47959268,79120334.91516113,12780168.0
14,before,0.28196785926421275,116198657.78551407,32764286.78515625,5329984.0
14,baseline_compensated,0.5695968696055328,120343051.35067964,68547025.328125,9795633.0
14,physics_compensated,0.5701303771693198,120351138.07277395,68615839.7421875,9811984.0
14,ideal,0.6506310255737309,121605536.47959268,79120334.91516113,12780168.0
15,before,0.22159728116790506,115842893.67611596,25670470.28125,4598873.0
15,baseline_compensated,0.43406278431270523,118783766.2656238,51559612.31640625,7918748.5
15,physics_compensated,0.4788061163081692,119350751.25631806,57145869.6875,8895914.0
15,ideal,0.6506310255737309,121605536.47959268,79120334.91516113,12780168.0
16,before,0.30918771519272953,116456313.63071921,36006861.53125,4782630.5
16,baseline_compensated,0.4470266575189248,118518785.63082573,52981056.59375,5482436.0
16,physics_compensated,0.4577885009899112,118664272.24587972,54323139.3125,5761431.0
16,ideal,0.6506310255737309,121605536.47959268,79120334.91516113,12780168.0
17,before,0.3009965326835165,116639584.9271568,35108110.63671875,4532997.5
17,baseline_compensated,0.5527483308916836,120063080.32254338,66364667.25,9004464.0
17,physics_compensated,0.5820834408958905,120535493.67125683,70161714.90625,10193176.0
17,ideal,0.6506310255737309,121605536.47959268,79120334.91516113,12780168.0
18,before,0.48403049081049765,118800276.172866,57502955.984375,6079635.5
18,baseline_compensated,0.4704244122447636,118644704.6691978,55813365.45996094,7248015.5
18,physics_compensated,0.457682727976514,118480070.11946411,54226281.703125,6264125.5
18,ideal,0.6506310255737309,121605536.47959268,79120334.91516113,12780168.0
19,before,0.36714982883070724,117142099.4015278,43008701.744140625,4272135.0
19,baseline_compensated,0.487832213319608,119054945.292633,58078837.46875,6522469.5
19,physics_compensated,0.4751166876996912,118888282.72319746,56485807.09375,6235343.0
19,ideal,0.6506310255737309,121605536.47959268,79120334.91516113,12780168.0
20,before,0.5369323249410414,119684217.28831413,64262325.04736328,8438567.0
20,baseline_compensated,0.5998379761815743,120861498.83730352,72497316.86083984,11179536.0
20,physics_compensated,0.5934130915357883,120784786.37809849,71675273.49511719,11083306.0
20,ideal,0.6506310255737309,121605536.47959268,79120334.91516113,12780168.0
21,before,0.2861661322150697,116257841.03442596,33269056.708496094,6208351.0
21,baseline_compensated,0.6089471274139905,120940745.85608295,73646519.77636719,11124384.0
21,physics_compensated,0.606391276974862,120904774.10729732,73315600.36328125,11048315.0
21,ideal,0.6506310255737309,121605536.47959268,79120334.91516113,12780168.0
22,before,0.42494983796492,117904906.81634548,50103671.046875,5822614.0
22,baseline_compensated,0.5610334376178966,120223030.36034703,67449140.00390625,9474007.0
22,physics_compensated,0.5489901691715435,120033199.92745459,65897046.734375,9000293.0
22,ideal,0.6506310255737309,121605536.47959268,79120334.91516113,12780168.0
23,before,0.34957848494453514,117524866.48333974,41084164.76855469,4933308.5
23,baseline_compensated,0.3908746701797439,117768016.90541092,46032534.765625,3989793.25
23,physics_compensated,0.398569077695524,117886635.28958875,46985967.5,4286660.0
23,ideal,0.6506310255737309,121605536.47959268,79120334.91516113,12780168.0
24,before,0.47000455960166326,117872146.15019439,55400446.140625,6786659.5
24,baseline_compensated,0.4920654613213097,119582268.13866349,58842303.9375,9589817.0
24,physics_compensated,0.49725921788987965,119453733.38708067,59399470.03808594,8617835.0
24,ideal,0.6506310255737309,121605536.47959268,79120334.91516113,12780168.0
25,before,0.37162320766694823,117681424.3043898,43733148.3828125,4627443.0
25,baseline_compensated,0.4165097643766501,117962916.62202457,49132706.607421875,4231925.0
25,physics_compensated,0.39919487517628816,117818308.80808534,47032465.078125,3818777.25
25,ideal,0.6506310255737309,121605536.47959268,79120334.91516113,12780168.0
26,before,0.3562412827757496,116965671.59751274,41668000.890625,3750655.0
26,baseline_compensated,0.5141713785479528,119552059.296482,61470247.13671875,8191640.5
26,physics_compensated,0.4792566119003428,119040025.18029046,57050719.1484375,7034431.5
26,ideal,0.6506310255737309,121605536.47959268,79120334.91516113,12780168.0
27,before,0.19823440889215602,115582785.66955249,22912485.1953125,4644220.5
27,baseline_compensated,0.5329884208871314,120036119.9022034,63977861.99609375,10014808.0
27,physics_compensated,0.5470764092525529,120243661.88476789,65782470.779296875,10475225.0
27,ideal,0.6506310255737309,121605536.47959268,79120334.91516113,12780168.0
28,before,0.32580971544614273,116643816.82576561,38003688.76855469,5789606.5
28,baseline_compensated,0.5127318237935662,119406842.98846224,61223688.37890625,8376304.5
28,physics_compensated,0.549219327904935,120065592.24079973,65942343.875,9216762.0
28,ideal,0.6506310255737309,121605536.47959268,79120334.91516113,12780168.0
29,before,0.4619815475065736,118038038.34896201,54531395.62109375,5134173.0
29,baseline_compensated,0.4672031643167568,118758537.7427566,55484364.623046875,6059597.5
29,physics_compensated,0.44495529059985267,118348558.31303477,52659817.15625,4805231.0
29,ideal,0.6506310255737309,121605536.47959268,79120334.91516113,12780168.0
30,before,0.412460591880983,117929043.70377082,48641083.166015625,5245140.0
30,baseline_compensated,0.529984796531127,119745693.33656293,63463396.91845703,8310872.5
30,physics_compensated,0.5786623870175445,120500064.30700003,69728854.84765625,10155996.0
30,ideal,0.6506310255737309,121605536.47959268,79120334.91516113,12780168.0
31,before,0.2843411960483021,116171310.06795576,33032289.251220703,4504216.5
31,baseline_compensated,0.330913775652021,116869623.98301053,38673768.53125,3509307.0
31,physics_compensated,0.3338545371306124,116989057.72115813,39057327.71484375,4020213.0
31,ideal,0.6506310255737309,121605536.47959268,79120334.91516113,12780168.0
32,before,0.426872740446234,118190171.0523774,50452162.2109375,4741082.0
32,baseline_compensated,0.5063659040103243,119353193.30617443,60436387.625,7244142.0
32,physics_compensated,0.4651889659522908,118786286.41368279,55258069.74609375,6086949.0
32,ideal,0.6506310255737309,121605536.47959268,79120334.91516113,12780168.0
33,before,0.37970791155659156,117608074.85748819,44656716.486328125,5669560.0
33,baseline_compensated,0.45629564803674755,118636747.93779841,54133431.78125,5727389.5
33,physics_compensated,0.4450067074489898,118465023.55061227,52717730.078125,5329253.5
33,ideal,0.6506310255737309,121605536.47959268,79120334.91516113,12780168.0
34,before,0.24772836023197264,115905030.76820496,28712963.21484375,3045206.0
34,baseline_compensated,0.5214487740727213,119272247.16003719,62194367.0625,6763956.5
34,physics_compensated,0.46742432250715527,118651118.03798799,55460418.46362305,5221846.5
34,ideal,0.6506310255737309,121605536.47959268,79120334.91516113,12780168.0
35,before,0.3360286305839348,116760218.06076545,39234776.181640625,2859928.25
35,baseline_compensated,0.6082862727308461,120940596.7041562,73566504.79101562,11224281.0
35,physics_compensated,0.6226028952810468,121114809.86866531,75406431.28564453,11445804.0
35,ideal,0.6506310255737309,121605536.47959268,79120334.91516113,12780168.0
36,before,0.2652908044994666,116298847.6501483,30853014.85546875,4132516.25
36,baseline_compensated,0.5630361942804375,120375611.38286194,67775826.1171875,10412771.0
36,physics_compensated,0.5611464412080551,120305068.06889337,67508760.80615234,10091831.0
36,ideal,0.6506310255737309,121605536.47959268,79120334.91516113,12780168.0
37,before,0.3379786854686128,116744973.8499539,39457312.796875,5774804.5
37,baseline_compensated,0.6076927062861378,120957625.22535539,73505066.61914062,11332586.0
37,physics_compensated,0.5955328156949472,120773528.91527379,71924599.73632812,10927413.0
37,ideal,0.6506310255737309,121605536.47959268,79120334.91516113,12780168.0
38,before,0.4035977305123276,117267126.24361345,47328746.015625,6902902.0
38,baseline_compensated,0.5454885650214613,120281872.19065464,65612385.859375,10808286.0
38,physics_compensated,0.5511218585404267,120353058.86803168,66329201.484375,10914412.0
38,ideal,0.6506310255737309,121605536.47959268,79120334.91516113,12780168.0
39,before,0.26292883756775726,116000329.89391859,30499831.896484375,4188386.0
39,baseline_compensated,0.4952931294826685,119285019.42278585,59081050.5703125,7509987.0
39,physics_compensated,0.5465779375590529,119851181.63106301,65508011.669921875,8158373.5
39,ideal,0.6506310255737309,121605536.47959268,79120334.91516113,12780168.0
40,before,0.4017758440147281,117289081.8536649,47123919.85546875,6521937.0
40,baseline_compensated,0.5413859660469815,120022630.48376521,64978567.751953125,9444468.0
40,physics_compensated,0.5548005864426356,120368530.64769243,66780531.392578125,10796638.0
40,ideal,0.6506310255737309,121605536.47959268,79120334.91516113,12780168.0
41,before,0.2546045911233256,115923461.01973832,29514645.39453125,3004868.5
41,baseline_compensated,0.4948508388770931,119194139.86132327,58983320.099609375,7118127.5
41,physics_compensated,0.4874901512152988,119091494.70802666,58055930.763671875,6890548.0
41,ideal,0.6506310255737309,121605536.47959268,79120334.91516113,12780168.0
42,before,0.2929066945187503,116485596.09132496,34119410.91015625,3515497.25
42,baseline_compensated,0.6176246230225664,121099033.84268978,74793745.12548828,11599368.0
42,physics_compensated,0.6314607408116687,121316361.07220347,76606519.23522949,12129961.0
42,ideal,0.6506310255737309,121605536.47959268,79120334.91516113,12780168.0
43,before,0.40611287929984474,117624786.48103788,47768940.71484375,4693721.0
43,baseline_compensated,0.5447764187687585,120093475.00454006,65424093.23046875,9670247.0
43,physics_compensated,0.5755133748475252,120565335.08819607,69386962.88623047,10781807.0
43,ideal,0.6506310255737309,121605536.47959268,79120334.91516113,12780168.0
44,before,0.436128487153995,117968191.9823687,51449289.1015625,5562980.5
44,baseline_compensated,0.6208197440305814,121118485.45602897,75192747.1381836,11520885.0
44,physics_compensated,0.535038393467673,119757324.21048003,64074766.3515625,8164279.5
44,ideal,0.6506310255737309,121605536.47959268,79120334.91516113,12780168.0
45,before,0.42111854569884394,117493820.59233575,49478826.85644531,5466520.5
45,baseline_compensated,0.36304451434039164,117408028.69657959,42624340.7578125,4203069.5
45,physics_compensated,0.43200214087552863,118229089.28879492,51075219.68652344,5309946.0
45,ideal,0.6506310255737309,121605536.47959268,79120334.91516113,12780168.0
46,before,0.36748822432615613,117415169.3191006,43148692.08203125,4950435.0
46,baseline_compensated,0.3895442510957322,117591281.70105565,45807007.765625,3307818.25
46,physics_compensated,0.40833780038560974,117821777.9042741,48111085.626953125,3507672.25
46,ideal,0.6506310255737309,121605536.47959268,79120334.91516113,12780168.0
47,before,0.45050120727169607,117844828.92630383,53089237.70202637,6566377.5
47,baseline_compensated,0.42609529150367104,118506576.99600467,50495094.470214844,6702062.5
47,physics_compensated,0.4566742689071234,119071575.77025422,54376924.8125,8445230.0
47,ideal,0.6506310255737309,121605536.47959268,79120334.91516113,12780168.0
48,before,0.3611534971277359,116982816.3658404,42248753.234375,4314542.5
48,baseline_compensated,0.4306974241499342,118216690.09178418,50915623.9140625,5469590.5
48,physics_compensated,0.3650390283823237,117287595.14611591,42814549.7734375,3964140.25
48,ideal,0.6506310255737309,121605536.47959268,79120334.91516113,12780168.0
49,before,0.4953133598049891,118478302.96416867,58683886.30517578,6960000.0
49,baseline_compensated,0.5799859439462243,120474059.58751479,69873261.17089844,10021231.0
49,physics_compensated,0.5884213511765631,120615107.75871103,70972504.6796875,10376969.0
49,ideal,0.6506310255737309,121605536.47959268,79120334.91516113,12780168.0
50,before,0.3655897125139047,117077641.77529904,42802381.3984375,6252035.0
50,baseline_compensated,0.533062705019722,119764435.07560804,63841953.7265625,8381781.5
50,physics_compensated,0.5373876526816522,119832524.49761052,64396519.0546875,8541470.0
50,ideal,0.6506310255737309,121605536.47959268,79120334.91516113,12780168.0
51,before,0.32915619279258995,116653266.14447919,38397144.9609375,5215679.0
51,baseline_compensated,0.5934180546822094,120676690.94741298,71611727.1875,10407520.0
51,physics_compensated,0.5926390655146984,120695661.95138521,71528964.31054688,10555892.0
51,ideal,0.6506310255737309,121605536.47959268,79120334.91516113,12780168.0
52,before,0.4464909460857731,118088982.92610735,52725661.708984375,6688883.5
52,baseline_compensated,0.4720758719476719,118957429.33035575,56156932.17578125,6870195.0
52,physics_compensated,0.46395579936225867,118833802.39461437,55133631.78125,6571785.0
52,ideal,0.6506310255737309,121605536.47959268,79120334.91516113,12780168.0
53,before,0.3996259189346035,117381557.75248614,46908712.8828125,3342280.75
53,baseline_compensated,0.6181100108178291,121078485.02873534,74839823.69091797,11488075.0
53,physics_compensated,0.6225126284170925,121151244.85393468,75418179.87002563,11672486.0
53,ideal,0.6506310255737309,121605536.47959268,79120334.91516113,12780168.0
54,before,0.47830710130404425,118435700.81565061,56648636.748046875,6942244.5
54,baseline_compensated,0.5961484396421465,120784204.461997,72005315.0234375,10918573.0
54,physics_compensated,0.6017471017018765,120886318.34126335,72742991.69726562,11210711.0
54,ideal,0.6506310255737309,121605536.47959268,79120334.91516113,12780168.0
55,before,0.44925690919838834,118316950.11067107,53154707.3125,5093539.0
55,baseline_compensated,0.5363861690339464,119899341.47843836,64312348.4453125,8994925.0
55,physics_compensated,0.5496461375480537,120098447.94605024,66011648.0390625,9458856.0
55,ideal,0.6506310255737309,121605536.47959268,79120334.91516113,12780168.0
56,before,0.23863062009205474,115881950.64694113,27652981.740356445,3503307.25
56,baseline_compensated,0.5190604589219615,119429704.8459438,61991237.40625,7180803.5
56,physics_compensated,0.46375367135319784,118737030.31546965,55064733.734375,5843749.0
56,ideal,0.6506310255737309,121605536.47959268,79120334.91516113,12780168.0
57,before,0.2630663710288193,115962790.70595708,30505910.525390625,3546152.75
57,baseline_compensated,0.5253103910296242,119666463.61536917,62862036.794921875,8274539.0
57,physics_compensated,0.5272756790970733,119695554.28756228,63112554.671875,8344534.0
57,ideal,0.6506310255737309,121605536.47959268,79120334.91516113,12780168.0
58,before,0.30582767323163323,116482236.0073228,35623491.2109375,4313093.5
58,baseline_compensated,0.498366094110968,119070489.38513258,59340694.71875,6024252.5
58,physics_compensated,0.5128835840846442,119192473.67383286,61131863.09375,5972454.5
58,ideal,0.6506310255737309,121605536.47959268,79120334.91516113,12780168.0
59,before,0.39288879340076327,117528142.25194517,46175490.0,3499904.25
59,baseline_compensated,0.4994083978020857,119358613.8670763,59608694.115234375,7671270.5
59,physics_compensated,0.5241192693834049,119738829.01855835,62757427.58203125,8611627.0
59,ideal,0.6506310255737309,121605536.47959268,79120334.91516113,12780168.0
60,before,0.3640904009000183,117056741.5231644,42619235.94921875,3715966.5
60,baseline_compensated,0.40431020926545264,117839651.92143875,47643774.328125,3796346.75
60,physics_compensated,0.45395007215981076,118414376.9709089,53754214.970703125,4563554.5
60,ideal,0.6506310255737309,121605536.47959268,79120334.91516113,12780168.0
61,before,0.5401764175347676,119720418.74659306,64670146.904296875,8331142.5
61,baseline_compensated,0.5908987890159398,120652474.37506057,71293401.0,10438984.0
61,physics_compensated,0.6036412449731068,120867469.05978984,72960589.5,11005495.0
61,ideal,0.6506310255737309,121605536.47959268,79120334.91516113,12780168.0
62,before,0.37118475347153,116956686.22207364,43412538.7421875,3560340.5
62,baseline_compensated,0.4896831094361101,119212860.28549755,58376524.109375,7530929.5
62,physics_compensated,0.5430055383076398,120017028.08505103,65169910.94140625,9391989.0
62,ideal,0.6506310255737309,121605536.47959268,79120334.91516113,12780168.0
63,before,0.3706418690822473,117097731.2099258,43401321.9609375,5131955.0
63,baseline_compensated,0.5940879197823301,120674703.38426256,71691383.50390625,10427354.0
63,physics_compensated,0.5770994748783321,120411648.71418005,69489499.2421875,9810583.0
63,ideal,0.6506310255737309,121605536.47959268,79120334.91516113,12780168.0
64,before,0.3663720467855694,117369408.49923137,43000870.421875,3263315.75
64,baseline_compensated,0.49137355659164395,118942482.88038081,58445190.84277344,6710111.0
64,physics_compensated,0.6273876080286264,121254928.95206016,76073839.83691406,11997285.0
64,ideal,0.6506310255737309,121605536.47959268,79120334.91516113,12780168.0
65,before,0.39685895728509746,117591768.80908272,46667346.75488281,3670928.75
65,baseline_compensated,0.5775195983469152,120525658.39860076,69605929.82885742,10395860.0
65,physics_compensated,0.5656199383313104,120366827.65395522,68081877.63476562,10119612.0
65,ideal,0.6506310255737309,121605536.47959268,79120334.91516113,12780168.0
66,before,0.6014889749089729,120419774.53876892,72431166.74609375,10760883.0
66,baseline_compensated,0.6314974132822541,121304432.85310431,76603435.56640625,12060369.0
66,physics_compensated,0.6322946948180157,121313824.68722074,76706087.7578125,12066447.0
66,ideal,0.6506310255737309,121605536.47959268,79120334.91516113,12780168.0
67,before,0.3261351236873783,116534010.99562283,38005834.08984375,5371016.5
67,baseline_compensated,0.4697778347600879,118808469.92793912,55813585.75390625,6001989.0
67,physics_compensated,0.42701535670490043,118221258.8079989,50482293.0,4749635.0
67,ideal,0.6506310255737309,121605536.47959268,79120334.91516113,12780168.0
68,before,0.4258154630616726,117423854.46356791,50000892.962890625,4741831.5
68,baseline_compensated,0.5361564163352851,119682171.1889737,64168364.00390625,7720658.0
68,physics_compensated,0.523912122504562,119730937.57946503,62728489.63671875,8606558.0
68,ideal,0.6506310255737309,121605536.47959268,79120334.91516113,12780168.0
69,before,0.2395715678771197,115782926.09814346,27738297.13873291,3845588.5
69,baseline_compensated,0.5749463406527752,120385152.12229404,69215002.68164062,9668967.0
69,physics_compensated,0.542166112842007,119957623.19507042,65036958.2734375,8944270.0
69,ideal,0.6506310255737309,121605536.47959268,79120334.91516113,12780168.0
70,before,0.28447958757466535,116187720.6767948,33053034.859375,3266710.75
70,baseline_compensated,0.3737779339496297,117339651.9383229,43858972.671875,5326953.0
70,physics_compensated,0.3900298645913523,117552836.99054095,45849117.09375,4519333.0
70,ideal,0.6506310255737309,121605536.47959268,79120334.91516113,12780168.0
71,before,0.5951337254220102,120462214.05747607,71691126.22460938,10629593.0
71,baseline_compensated,0.610892692735464,120993403.19153787,73913985.87890625,11379125.0
71,physics_compensated,0.6011611267004082,120837130.1327562,72642585.29785156,11006318.0
71,ideal,0.6506310255737309,121605536.47959268,79120334.91516113,12780168.0
72,before,0.4216999684520767,117536767.18915322,49565251.015625,6021246.0
72,baseline_compensated,0.5437653970636195,119984588.69218078,65243467.51171875,8991332.0
72,physics_compensated,0.5320813642481135,119817147.67735434,63752471.396484375,8630457.0
72,ideal,0.6506310255737309,121605536.47959268,79120334.91516113,12780168.0
73,before,0.5256278788141625,118789340.30214466,62438988.96875,5365263.0
73,baseline_compensated,0.4757735523328528,118913842.72537115,56576061.375,6425119.5
73,physics_compensated,0.4849792066075414,119013993.65655293,57719312.21875,6526085.0
73,ideal,0.6506310255737309,121605536.47959268,79120334.91516113,12780168.0
74,before,0.49273970259411765,119055811.95538987,58663525.375,6242596.0
74,baseline_compensated,0.5010640109253991,119284697.432398,59769268.9375,7183006.0
74,physics_compensated,0.49285432342533836,119164384.42564866,58730682.0625,6890754.5
74,ideal,0.6506310255737309,121605536.47959268,79120334.91516113,12780168.0
75,before,0.4747153006284479,118768842.16216469,56381386.61230469,6444784.0
75,baseline_compensated,0.5449557317700382,119949215.9439911,65367012.75,8760120.0
75,physics_compensated,0.5497103223493709,120028057.17383945,65980662.0,8981557.0
75,ideal,0.6506310255737309,121605536.47959268,79120334.91516113,12780168.0
76,before,0.2624733322291862,115984004.05384782,30442708.029296875,2961205.25
76,baseline_compensated,0.5133366521964393,119329347.1793687,61256127.58984375,6875249.0
76,physics_compensated,0.5457964093907808,119819497.44216752,65397051.47894287,8009520.5
76,ideal,0.6506310255737309,121605536.47959268,79120334.91516113,12780168.0
77,before,0.322716628195342,116645114.59827098,37643318.07861328,5127204.0
77,baseline_compensated,0.5149116938407019,119521085.6317884,61542804.65234375,7787551.0
77,physics_compensated,0.516457755773152,119596753.3105075,61766670.8125,8164311.5
77,ideal,0.6506310255737309,121605536.47959268,79120334.91516113,12780168.0
78,before,0.31142756425373785,116455668.45947453,36267505.171875,3440728.0
78,baseline_compensated,0.5228467022123293,119574937.5506929,62519361.765625,7739179.0
78,physics_compensated,0.5174107022494899,119506570.73514554,61833978.6875,7612442.0
78,ideal,0.6506310255737309,121605536.47959268,79120334.91516113,12780168.0
79,before,0.25244634354594164,115947864.54864532,29270614.447265625,5699894.0
79,baseline_compensated,0.6138451207252136,121075854.756134,74321822.6796875,11715203.0
79,physics_compensated,0.6178412337086049,121120600.63400711,74833301.32324219,11750469.0
79,ideal,0.6506310255737309,121605536.47959268,79120334.91516113,12780168.0
80,before,0.3729081690755055,117035912.45738988,43643647.830566406,7491952.0
80,baseline_compensated,0.5864660680316891,120602509.41753906,70729279.49285889,10442283.0
80,physics_compensated,0.5937994087455816,120681101.71596116,71660366.84570312,10482883.0
80,ideal,0.6506310255737309,121605536.47959268,79120334.91516113,12780168.0
81,before,0.30712363911102436,116523644.68089035,35787165.796875,5128786.5
81,baseline_compensated,0.5294248837868986,120073756.39889953,63570034.52734375,10445802.0
81,physics_compensated,0.5288104225391511,120059778.99989319,63488862.462890625,10394680.0
81,ideal,0.6506310255737309,121605536.47959268,79120334.91516113,12780168.0
82,before,0.3396825103521988,116765435.79588768,39663176.353515625,4757264.5
82,baseline_compensated,0.4153948747793305,118077682.66082036,49048864.203125,4508720.5
82,physics_compensated,0.4266411112234876,118211014.22720444,50433678.46875,4697120.5
82,ideal,0.6506310255737309,121605536.47959268,79120334.91516113,12780168.0
83,before,0.44698399950816,117956549.31643274,52724690.181640625,4723564.0
83,baseline_compensated,0.5114685177389485,119304215.721337,61020350.375,6741771.5
83,physics_compensated,0.5102969761762158,119345055.51938546,60901420.953125,7043670.5
83,ideal,0.6506310255737309,121605536.47959268,79120334.91516113,12780168.0
84,before,0.4270811731210166,117716245.6442692,50274392.28515625,4850778.5
84,baseline_compensated,0.3800321551558254,117545359.22623691,44671016.1953125,3996158.25
84,physics_compensated,0.42060483838811,117961057.23415533,49614991.4140625,6376713.5
84,ideal,0.6506310255737309,121605536.47959268,79120334.91516113,12780168.0
85,before,0.268611521156349,116133289.07218759,31194739.434570312,3701498.75
85,baseline_compensated,0.5945611615253742,120800162.96033025,71823085.20214844,11131361.0
85,physics_compensated,0.5812433744572545,120531338.85683918,70058042.125,10247150.0
85,ideal,0.6506310255737309,121605536.47959268,79120334.91516113,12780168.0
86,before,0.24038589134088942,115878993.19309188,27855675.06640625,5246520.0
86,baseline_compensated,0.6097706457605253,121026307.9891603,73798289.9765625,11635992.0
86,physics_compensated,0.6088782177213049,120992426.59427832,73669653.0625,11482460.0
86,ideal,0.6506310255737309,121605536.47959268,79120334.91516113,12780168.0
87,before,0.3843661970869066,117330568.05821358,45097904.24658203,4001943.0
87,baseline_compensated,0.4491244597486686,118322669.00408557,53141604.79248047,5510856.0
87,physics_compensated,0.4404901480902798,118212875.60637796,52071607.08203125,5103837.5
87,ideal,0.6506310255737309,121605536.47959268,79120334.91516113,12780168.0
88,before,0.3606810893807274,117052642.02353635,42218674.439941406,5137158.5
88,baseline_compensated,0.5952413484262464,120741053.59902193,71870067.5546875,10716374.0
88,physics_compensated,0.5633541677130027,120270460.71556231,67754865.296875,9704554.0
88,ideal,0.6506310255737309,121605536.47959268,79120334.91516113,12780168.0
89,before,0.27984675667322445,116150086.64585404,32504225.03515625,5041302.0
89,baseline_compensated,0.5644660769490504,120271999.84951942,67889463.921875,9642661.0
89,physics_compensated,0.5924640610835036,120675972.43839878,71496176.70605469,10480693.0
89,ideal,0.6506310255737309,121605536.47959268,79120334.91516113,12780168.0
90,before,0.24572627465914867,115806434.3060852,28456683.68359375,3434516.5
90,baseline_compensated,0.402583618071509,117747897.5432657,47403374.61328125,4259439.0
90,physics_compensated,0.3756990473639232,117457212.33757773,44128562.78125,4170253.5
90,ideal,0.6506310255737309,121605536.47959268,79120334.91516113,12780168.0
91,before,0.33199965825184935,116791115.26985833,38774610.35644531,3791674.25
91,baseline_compensated,0.5318534604843698,119768173.20505524,63699117.375,8389947.0
91,physics_compensated,0.5333135375519881,119793052.21911265,63887256.453125,8447800.0
91,ideal,0.6506310255737309,121605536.47959268,79120334.91516113,12780168.0
92,before,0.32097599265298776,116503153.18945214,37394715.2421875,3777170.0
92,baseline_compensated,0.4227193866321705,118120562.5505135,49931851.75,4394583.5
92,physics_compensated,0.43065625293337484,118257491.1762141,50928328.03125,4784023.0
92,ideal,0.6506310255737309,121605536.47959268,79120334.91516113,12780168.0
93,before,0.320101208571728,116655765.03636509,37341651.375,3737551.5
93,baseline_compensated,0.4070771151869198,117902887.47292787,47995567.3046875,4221904.5
93,physics_compensated,0.38339391838410797,117476486.66126949,45039770.5390625,4131821.5
93,ideal,0.6506310255737309,121605536.47959268,79120334.91516113,12780168.0
94,before,0.23231673704187863,115733850.13943581,26886910.4296875,5465567.0
94,baseline_compensated,0.6015771909736277,120918599.81680508,72741871.61425781,11451636.0
94,physics_compensated,0.6183238623816869,121146361.10844858,74907685.9140625,11867541.0
94,ideal,0.6506310255737309,121605536.47959268,79120334.91516113,12780168.0
95,before,0.37796965778989405,116992267.65888843,44219527.37109375,5217562.5
95,baseline_compensated,0.5528618170863963,120095231.7607995,66396068.0546875,9145685.0
95,physics_compensated,0.5666869039542722,120292877.73804939,68168398.453125,9573968.0
95,ideal,0.6506310255737309,121605536.47959268,79120334.91516113,12780168.0
96,before,0.2889467340041004,116433685.34803225,33643133.109375,5076361.0
96,baseline_compensated,0.569881101984896,120564173.08808553,68707243.81933594,11117555.0
96,physics_compensated,0.5853584952123168,120748234.92120108,70681005.09301758,11352288.0
96,ideal,0.6506310255737309,121605536.47959268,79120334.91516113,12780168.0
97,before,0.2709904783891902,116120857.05211577,31467646.603515625,3693253.0
97,baseline_compensated,0.44630283603539445,118279382.09133084,52788423.671875,5630729.5
97,physics_compensated,0.33923191217913246,117049178.75059819,39706816.7265625,4602923.0
97,ideal,0.6506310255737309,121605536.47959268,79120334.91516113,12780168.0
98,before,0.41412848738437835,117884160.18818909,48819188.9453125,4916448.5
98,baseline_compensated,0.5910531121731842,120638941.82614884,71304022.015625,10342865.0
98,physics_compensated,0.5881431590739641,120627215.88399947,70946071.8203125,10445362.0
98,ideal,0.6506310255737309,121605536.47959268,79120334.91516113,12780168.0
99,before,0.36722868314387713,117295181.00441763,43074154.859375,5185769.5
99,baseline_compensated,0.5454477304982752,119981254.79429373,65443503.12988281,8959942.0
99,physics_compensated,0.5498209382995463,120211252.48994203,66094663.638183594,10095440.0
99,ideal,0.6506310255737309,121605536.47959268,79120334.91516113,12780168.0
100,before,0.395913801212166,117343790.90207854,46458026.3046875,5251659.5
100,baseline_compensated,0.37828218064797814,117423977.95560467,44419398.44140625,3662487.25
100,physics_compensated,0.3750053643402163,117284298.24597163,43982240.99511719,4387755.5
100,ideal,0.6506310255737309,121605536.47959268,79120334.91516113,12780168.0
101,before,0.25561091139266573,115931211.67001323,29633282.673828125,4279477.0
101,baseline_compensated,0.530078992673393,119731798.36880982,63467311.0703125,8211034.5
101,physics_compensated,0.5194679346634973,119603189.75450197,62130021.9609375,8022316.5
101,ideal,0.6506310255737309,121605536.47959268,79120334.91516113,12780168.0
102,before,0.4827679042426324,118422133.99220991,57170405.443359375,7259746.0
102,baseline_compensated,0.5888917200892786,120617464.53047037,71030626.16015625,10370203.0
102,physics_compensated,0.573996705512044,120380143.84241012,69097805.97460938,9783671.0
102,ideal,0.6506310255737309,121605536.47959268,79120334.91516113,12780168.0
103,before,0.30112478338161836,116443579.36770764,35064047.61328125,3106763.0
103,baseline_compensated,0.5303269799262069,119734281.81089675,63498320.06640625,8221470.0
103,physics_compensated,0.5188599518373485,119560992.52706544,62035410.82421875,7802251.0
103,ideal,0.6506310255737309,121605536.47959268,79120334.91516113,12780168.0
104,before,0.2766120316839389,116132807.40961926,32123731.802734375,3654688.25
104,baseline_compensated,0.45053321419721526,118447558.307751,53364559.158203125,4839905.5
104,physics_compensated,0.4441778291235176,118463188.64828226,52618721.96484375,5265882.0
104,ideal,0.6506310255737309,121605536.47959268,79120334.91516113,12780168.0
105,before,0.28529033122803993,116189827.3331226,33147834.325195312,3478235.0
105,baseline_compensated,0.4692185358522768,118563932.8828692,55632394.9921875,4549559.0
105,physics_compensated,0.4777682635282764,118755829.21642882,56737766.30859375,5382853.0
105,ideal,0.6506310255737309,121605536.47959268,79120334.91516113,12780168.0
106,before,0.46197201053278175,118330165.52575387,54665224.474609375,7159344.0
106,baseline_compensated,0.6161916314905125,121090843.97896402,74615164.70996094,11660214.0
106,physics_compensated,0.6260839910579029,121226429.67183802,75897926.91064453,11914598.0
106,ideal,0.6506310255737309,121605536.47959268,79120334.91516113,12780168.0
107,before,0.40241914257335265,117849412.05768505,47424859.353027344,4064640.5
107,baseline_compensated,0.40225925002686835,117793032.01998486,47383336.71875,4698697.5
107,physics_compensated,0.35778542507422323,117209479.64512229,41935843.497558594,4001174.0
107,ideal,0.6506310255737309,121605536.47959268,79120334.91516113,12780168.0
108,before,0.3100724470095646,116730288.3109839,36194846.13671875,5865986.0
108,baseline_compensated,0.5793575118851396,120522776.78895581,69825776.0859375,10315511.0
108,physics_compensated,0.5755595014040584,120488809.27860756,69348478.99316406,10313383.0
108,ideal,0.6506310255737309,121605536.47959268,79120334.91516113,12780168.0
109,before,0.4403617503428796,118489231.47062604,52178125.3671875,7451760.5
109,baseline_compensated,0.44151397128085473,118355453.23309103,52255586.1796875,4860725.5
109,physics_compensated,0.46641786372542493,118693918.722639,55360964.0078125,5516772.0
109,ideal,0.6506310255737309,121605536.47959268,79120334.91516113,12780168.0
110,before,0.30617434897145196,116680697.52912787,35724636.603515625,4546100.5
110,baseline_compensated,0.4925447612900186,119247512.52254158,58734737.58984375,7391954.5
110,physics_compensated,0.4505253397629207,118600024.816442,53432316.47631836,5775336.0
110,ideal,0.6506310255737309,121605536.47959268,79120334.91516113,12780168.0
111,before,0.4942059112686956,118199257.21859765,58414771.625,6680544.0
111,baseline_compensated,0.6024229727754892,120877298.24464652,72819261.34960938,11141204.0
111,physics_compensated,0.6031426169161387,120890717.72513703,72914343.84960938,11171280.0
111,ideal,0.6506310255737309,121605536.47959268,79120334.91516113,12780168.0
112,before,0.2958598380188992,116414954.30426535,34442509.5234375,4265943.5
112,baseline_compensated,0.5735452648186091,120376109.26599142,69041147.46679688,9736739.0
112,physics_compensated,0.584410755616623,120641487.25697592,70504182.7265625,10724117.0
112,ideal,0.6506310255737309,121605536.47959268,79120334.91516113,12780168.0
113,before,0.27700141134262446,116186693.15935938,32183877.984375,4064212.25
113,baseline_compensated,0.5667109972682753,120299353.78788145,68174966.75585938,9603872.0
113,physics_compensated,0.5607372575027915,120208272.43966791,67405257.01696777,9391204.0
113,ideal,0.6506310255737309,121605536.47959268,79120334.91516113,12780168.0
114,before,0.2890366578114633,116463990.43521665,33662362.55078125,4195569.0
114,baseline_compensated,0.5322058556715216,119748261.48490316,63730725.96875,8199998.5
114,physics_compensated,0.5407537742328675,119892130.42714316,64832122.029296875,8587889.0
114,ideal,0.6506310255737309,121605536.47959268,79120334.91516113,12780168.0
115,before,0.4306021556335747,117621194.22446501,50647939.78125,5297733.0
115,baseline_compensated,0.5443405443309449,120090750.99480662,65370264.765625,9681625.0
115,physics_compensated,0.5633825013216008,120414485.10614589,67839413.81445312,10566863.0
115,ideal,0.6506310255737309,121605536.47959268,79120334.91516113,12780168.0
116,before,0.18612445834135918,115276828.540898,21455837.271484375,3832818.5
116,baseline_compensated,0.5095995489543448,119674224.85547814,60985931.0078125,9120602.0
116,physics_compensated,0.5103306021493413,119752523.8503819,61113377.60546875,9547907.0
116,ideal,0.6506310255737309,121605536.47959268,79120334.91516113,12780168.0
117,before,0.3225010188036788,116680785.39604853,37629672.16503906,4797609.0
117,baseline_compensated,0.5273601357317809,119678907.23868665,63113884.765625,8155599.5
117,physics_compensated,0.5318109954318105,119740004.05594286,63679050.75,8260541.0
117,ideal,0.6506310255737309,121605536.47959268,79120334.91516113,12780168.0
118,before,0.4218495940524422,117460609.27044706,49550710.337890625,8031318.0
118,baseline_compensated,0.588034408052968,120737778.1570358,70997967.90820312,11121261.0
118,physics_compensated,0.5780989334737764,120600065.90164718,69718769.47460938,10859617.0
118,ideal,0.6506310255737309,121605536.47959268,79120334.91516113,12780168.0
119,before,0.4122088456372757,117578726.22993356,48466991.01074219,5016878.0
119,baseline_compensated,0.4320975036408841,118187801.59788454,51068654.03125,4264706.0
119,physics_compensated,0.3879158201791207,117588367.56338654,45614388.046875,3786208.25
119,ideal,0.6506310255737309,121605536.47959268,79120334.91516113,12780168.0
120,before,0.4646647796723012,118110487.460481,54881783.6328125,6152506.0
120,baseline_compensated,0.49364166832182166,119274006.49716333,58878619.5546875,7675107.5
120,physics_compensated,0.5144682596517145,119630623.81273043,61546158.833984375,8658108.0
120,ideal,0.6506310255737309,121605536.47959268,79120334.91516113,12780168.0
121,before,0.3279120452948881,116723044.95405293,38274892.403930664,3823734.75
121,baseline_compensated,0.5656743594495396,120258025.05387183,68026881.29101562,9495680.0
121,physics_compensated,0.5703782159784636,120350241.61592571,68645156.10546875,9783846.0
121,ideal,0.6506310255737309,121605536.47959268,79120334.91516113,12780168.0
122,before,0.3201886024491571,117136025.40080042,37505620.26953125,4488889.5
122,baseline_compensated,0.5179363130832343,119657397.55590874,61974911.32324219,8468660.0
122,physics_compensated,0.5220743100770074,119714104.86084765,62499658.70171356,8588637.0
122,ideal,0.6506310255737309,121605536.47959268,79120334.91516113,12780168.0
123,before,0.3602114966315443,117208136.32528505,42219718.203125,3229743.5
123,baseline_compensated,0.6157373526563238,121087308.71855903,74557978.91064453,11633912.0
123,physics_compensated,0.6128562930082351,121048373.96548887,74185257.74316406,11560297.0
123,ideal,0.6506310255737309,121605536.47959268,79120334.91516113,12780168.0
124,before,0.25419603573137234,115922498.55196154,29467039.583984375,5640909.0
124,baseline_compensated,0.5702089441267275,120413962.07662496,68661118.17382812,10198561.0
124,physics_compensated,0.5655462383435209,120376171.78406577,68078291.13867188,10233985.0
124,ideal,0.6506310255737309,121605536.47959268,79120334.91516113,12780168.0
125,before,0.3249634539559064,116603736.6316936,37891953.0,3022746.0
125,baseline_compensated,0.571799585785867,120368972.86928077,68826928.828125,9753126.0
125,physics_compensated,0.5789716891148764,120478891.66531608,69753867.41015625,10024165.0
125,ideal,0.6506310255737309,121605536.47959268,79120334.91516113,12780168.0
126,before,0.40661696171468575,117378281.45317495,47728000.17578125,6302413.0
126,baseline_compensated,0.5881336004801347,120737076.87739912,71009531.73535156,11139556.0
126,physics_compensated,0.5760317654449968,120562969.35137516,69448100.08276367,10788692.0
126,ideal,0.6506310255737309,121605536.47959268,79120334.91516113,12780168.0
127,before,0.28822746080823053,116186492.36747776,33488137.67529297,5783359.0
127,baseline_compensated,0.5756027089081847,120533136.8490187,69379200.0834961,10613875.0
127,physics_compensated,0.5829189195680305,120609392.10423264,70305496.53515625,10658084.0
127,ideal,0.6506310255737309,121605536.47959268,79120334.91516113,12780168.0
128,before,0.44542591848922986,117893508.14282988,52512824.1484375,7444363.0
128,baseline_compensated,0.5645646396263525,120447913.0798338,68000632.6416626,10705514.0
128,physics_compensated,0.5541486967734214,120296978.10748383,66662413.64404297,10374124.0
128,ideal,0.6506310255737309,121605536.47959268,79120334.91516113,12780168.0
129,before,0.35807772126340126,117321066.3907026,42010060.109375,4527505.0
129,baseline_compensated,0.5284379771341994,119700297.39092976,63254183.015625,8161140.5
129,physics_compensated,0.5043609880798254,119352996.81965607,60196995.40625,7412594.0
129,ideal,0.6506310255737309,121605536.47959268,79120334.91516113,12780168.0
130,before,0.423736169901711,117615731.78448114,49838039.70654297,6490159.5
130,baseline_compensated,0.4703930137041545,118721002.5919769,55845530.19921875,5602982.5
130,physics_compensated,0.3989209525683568,117751680.22380856,46973612.44140625,4183835.0
130,ideal,0.6506310255737309,121605536.47959268,79120334.91516113,12780168.0
131,before,0.35346312548994785,117499167.19137597,41531622.87792969,5170424.0
131,baseline_compensated,0.3790245875738321,117491357.57315907,44532113.34765625,3157724.75
131,physics_compensated,0.38999698502160063,117413936.30932823,45791081.16015625,3696923.5
131,ideal,0.6506310255737309,121605536.47959268,79120334.91516113,12780168.0
132,before,0.5208640195476185,119720382.46372868,62358039.63183594,8731656.0
132,baseline_compensated,0.5789082921866361,120514871.33165938,69767058.34570312,10249832.0
132,physics_compensated,0.5738409397716532,120442953.29864123,69115097.50976562,10099121.0
132,ideal,0.6506310255737309,121605536.47959268,79120334.91516113,12780168.0
133,before,0.518136706819295,119178323.84672876,61750664.2421875,7384904.5
133,baseline_compensated,0.49611366565547926,119110772.41502783,59092481.921875,6431963.5
133,physics_compensated,0.4824619971946711,118903320.79741602,57366333.625,5942947.5
133,ideal,0.6506310255737309,121605536.47959268,79120334.91516113,12780168.0
134,before,0.3445776958774507,116828717.70578058,40256570.359375,5217782.5
134,baseline_compensated,0.5573557002368036,120117233.2287524,66948024.63671875,9173019.0
134,physics_compensated,0.5691555931463519,120304766.54581855,68472130.76171875,9631441.0
134,ideal,0.6506310255737309,121605536.47959268,79120334.91516113,12780168.0
135,before,0.33430605871803026,117424924.58829552,39255863.734375,5156378.5
135,baseline_compensated,0.4524607062233589,118530280.52146247,53630294.43359375,5277324.0
135,physics_compensated,0.43927249309751715,118153413.12537071,51901544.3515625,5279289.5
135,ideal,0.6506310255737309,121605536.47959268,79120334.91516113,12780168.0
136,before,0.35479863941864853,116842126.87378933,41455427.64160156,3960536.25
136,baseline_compensated,0.5255643384373462,119608544.44225945,62861985.53125,7830256.5
136,physics_compensated,0.6044353165047497,120702711.25511815,72956981.48046875,9944211.0
136,ideal,0.6506310255737309,121605536.47959268,79120334.91516113,12780168.0
137,before,0.3962959226201432,117260973.13319731,46470045.53515625,7823636.5
137,baseline_compensated,0.598572127621066,120922563.66434523,72380876.20996094,11661556.0
137,physics_compensated,0.598342259487289,120901689.83361068,72340590.27087402,11554099.0
137,ideal,0.6506310255737309,121605536.47959268,79120334.91516113,12780168.0
138,before,0.3868505126975728,117353149.72727633,45398126.138671875,3756924.25
138,baseline_compensated,0.48170611355939147,119052582.21396706,57348356.6875,6824476.5
138,physics_compensated,0.46195806183236143,118781509.96510233,54872076.125,6268510.0
138,ideal,0.6506310255737309,121605536.47959268,79120334.91516113,12780168.0
139,before,0.3432713024960705,116694597.14281622,40057906.35546875,3553250.75
139,baseline_compensated,0.6108760272963404,120975929.60788047,73901295.27734375,11241325.0
139,physics_compensated,0.6292858045198483,121257781.84828058,76305800.8046875,11899161.0
139,ideal,0.6506310255737309,121605536.47959268,79120334.91516113,12780168.0
140,before,0.45644407147759175,118255332.39130896,53976945.390625,3825682.5
140,baseline_compensated,0.3580536362463174,117034214.39754872,41904526.03027344,4798831.5
140,physics_compensated,0.3006293323763728,116440103.31519976,35005310.521484375,2847960.0
140,ideal,0.6506310255737309,121605536.47959268,79120334.91516113,12780168.0
141,before,0.37504591741730947,117484552.43407592,44062101.75,3529387.25
141,baseline_compensated,0.40135578556685475,117735391.87574843,47253780.6953125,5512524.0
141,physics_compensated,0.527228506606312,119759849.48192114,63140806.59375,8623051.0
141,ideal,0.6506310255737309,121605536.47959268,79120334.91516113,12780168.0
142,before,0.2645029384013504,115997021.19231817,30681552.951171875,3799464.75
142,baseline_compensated,0.45931792061712373,118687954.06126022,54515504.26171875,5799002.5
142,physics_compensated,0.46251937692911976,118740138.12731856,54919614.703125,5936970.0
142,ideal,0.6506310255737309,121605536.47959268,79120334.91516113,12780168.0
143,before,0.49347620981566886,119217414.136034,58830957.671875,8377281.0
143,baseline_compensated,0.5189563536567341,119914163.88621756,62230217.2421875,10074538.0
143,physics_compensated,0.4922067813934749,119562612.68692297,58849528.765625,9452008.0
143,ideal,0.6506310255737309,121605536.47959268,79120334.91516113,12780168.0
144,before,0.3274198252957792,116780067.67879972,38236109.357421875,4207599.5
144,baseline_compensated,0.4178234245859382,118131213.99721934,49357988.3828125,4945620.0
144,physics_compensated,0.5573029651703967,120333199.66270836,67062048.98046875,10468342.0
144,ideal,0.6506310255737309,121605536.47959268,79120334.91516113,12780168.0
145,before,0.2628041612563351,116116568.42557421,30515917.373046875,3891763.25
145,baseline_compensated,0.6109406863065712,120972477.84853625,73907008.64099121,11234058.0
145,physics_compensated,0.5924403096591792,120741007.87453347,71531840.09375,10895661.0
145,ideal,0.6506310255737309,121605536.47959268,79120334.91516113,12780168.0
146,before,0.2667441720374653,116157605.28941347,30984364.248779297,4505268.5
146,baseline_compensated,0.41367478237895294,118183430.34345043,48889504.828125,5388896.5
146,physics_compensated,0.48756277448354984,118989210.07235709,58014709.396484375,7961263.0
146,ideal,0.6506310255737309,121605536.47959268,79120334.91516113,12780168.0
147,before,0.4094374357666027,117587238.64271793,48144617.46875,5448077.0
147,baseline_compensated,0.5198688275994302,119581435.07496248,62166660.455078125,7863762.0
147,physics_compensated,0.5323380863823896,119767647.0461379,63756880.0390625,8300207.5
147,ideal,0.6506310255737309,121605536.47959268,79120334.91516113,12780168.0
148,before,0.29869794962224056,116412506.1011916,34772176.8828125,6099407.0
148,baseline_compensated,0.5737337193484066,120375569.79121941,69063523.375,9785695.0
148,physics_compensated,0.552117924432121,120032421.28899276,66272051.306640625,8941462.0
148,ideal,0.6506310255737309,121605536.47959268,79120334.91516113,12780168.0
149,before,0.2644154939960527,116153936.50289834,30712900.5,4817563.0
149,baseline_compensated,0.5311578426959183,119794276.49188879,63629669.46875,8635254.0
149,physics_compensated,0.5356638313429781,119877450.99461627,64214014.69140625,8883200.0
149,ideal,0.6506310255737309,121605536.47959268,79120334.91516113,12780168.0
150,before,0.3368313221790536,116852590.0547938,39359612.408203125,3594785.0
150,baseline_compensated,0.355631058545861,117193264.79221272,41677564.8125,4003690.25
150,physics_compensated,0.3772848010429165,117445589.89161253,44310436.015625,3070592.25
150,ideal,0.6506310255737309,121605536.47959268,79120334.91516113,12780168.0
151,before,0.24756699059059345,115845705.70558411,28679572.734375,4057896.5
151,baseline_compensated,0.5433754111601641,119935258.52580985,65169870.4140625,8745557.0
151,physics_compensated,0.5416320555538938,119880804.75909752,64931286.703125,8513537.0
151,ideal,0.6506310255737309,121605536.47959268,79120334.91516113,12780168.0
152,before,0.23589998160396716,115796597.06394872,27316415.1171875,3450133.0
152,baseline_compensated,0.5980195116068125,120886326.07235959,72292381.67773438,11458842.0
152,physics_compensated,0.5804947277604391,120611197.52724306,70014164.2734375,10797040.0
152,ideal,0.6506310255737309,121605536.47959268,79120334.91516113,12780168.0
153,before,0.3604083050813685,116934235.00825748,42144069.4453125,7564871.5
153,baseline_compensated,0.5491440394442755,119985705.52544191,65889435.0078125,8838064.0
153,physics_compensated,0.5591270882397595,120124809.05260026,67165034.7109375,9104076.0
153,ideal,0.6506310255737309,121605536.47959268,79120334.91516113,12780168.0
154,before,0.31348290202425766,116451463.92895468,36505542.857421875,4207271.0
154,baseline_compensated,0.42478389371845326,118233930.08562285,50223869.19140625,5218328.0
154,physics_compensated,0.40348943265050685,117898225.43146594,47570688.08984375,4334194.5
154,ideal,0.6506310255737309,121605536.47959268,79120334.91516113,12780168.0
155,before,0.27901642331575116,116401352.12299922,32477888.938476562,3033219.0
155,baseline_compensated,0.5195354113877857,119694745.30721585,62185658.744140625,8679484.0
155,physics_compensated,0.597533952116834,120830087.5265711,72200079.734375,11120922.0
155,ideal,0.6506310255737309,121605536.47959268,79120334.91516113,12780168.0
156,before,0.3691126852918315,117316751.80998382,43303101.29029846,4174264.5
156,baseline_compensated,0.5793977307436027,120473020.89411178,69801794.921875,10007023.0
156,physics_compensated,0.5272657793839575,119664892.74388082,63095202.9375,8064392.0
156,ideal,0.6506310255737309,121605536.47959268,79120334.91516113,12780168.0
157,before,0.39300053696139686,117265487.65443847,46085399.615234375,4191785.0
157,baseline_compensated,0.4407346690769369,118414518.0125274,52189383.41015625,5203354.0
157,physics_compensated,0.4515514287922205,118541136.7106407,53527419.65234375,5395613.5
157,ideal,0.6506310255737309,121605536.47959268,79120334.91516113,12780168.0
158,before,0.3425845684301695,116743339.29014887,39994466.5078125,3273700.5
158,baseline_compensated,0.5592488365076617,120217076.4496377,67231260.1328125,9635839.0
158,physics_compensated,0.52105600222715,119619236.55248192,62328321.1875,8177255.5
158,ideal,0.6506310255737309,121605536.47959268,79120334.91516113,12780168.0
159,before,0.4242524984808888,117533296.2893911,49863794.60546875,5129023.0
159,baseline_compensated,0.5058661204363814,119138614.46698627,60268188.69458008,6056577.5
159,physics_compensated,0.5786096132994358,119974180.84858915,69418214.38671875,10139785.0
159,ideal,0.6506310255737309,121605536.47959268,79120334.91516113,12780168.0
160,before,0.251419895407625,115917592.62083602,29143989.012634277,4676729.5
160,baseline_compensated,0.5160034329468419,119532553.52683693,61679207.96875,7868430.5
160,physics_compensated,0.5030490279306636,119332775.5063749,60030236.71875,7386173.0
160,ideal,0.6506310255737309,121605536.47959268,79120334.91516113,12780168.0
161,before,0.23680953592844303,115833273.91060987,27430423.83984375,3751328.25
161,baseline_compensated,0.4875359334134391,119263555.32099167,58145268.765625,7847235.5
161,physics_compensated,0.4982997328251211,119163531.52594241,59379155.921875,8327792.5
161,ideal,0.6506310255737309,121605536.47959268,79120334.91516113,12780168.0
162,before,0.4168450921220771,117836907.68692446,49119736.64013672,3905710.25
162,baseline_compensated,0.42785589519600326,118161511.42860836,50556099.25,4566439.5
162,physics_compensated,0.49103390562298155,119002855.38376096,58434436.859375,6124703.0
162,ideal,0.6506310255737309,121605536.47959268,79120334.91516113,12780168.0
163,before,0.3856386603425729,117265747.68118861,45222205.83984375,4518857.5
163,baseline_compensated,0.5069979712282721,119333771.18659995,60501979.890625,7252149.0
163,physics_compensated,0.49348328554272236,119097608.09968582,58772678.9453125,6561701.5
163,ideal,0.6506310255737309,121605536.47959268,79120334.91516113,12780168.0
164,before,0.3823184080293941,117226168.54803947,44817722.138671875,5489177.5
164,baseline_compensated,0.4641824913609085,118684414.08487074,55091227.015625,5579908.0
164,physics_compensated,0.46522542977538006,118567015.68470597,55160390.82910156,5510955.5
164,ideal,0.6506310255737309,121605536.47959268,79120334.91516113,12780168.0
165,before,0.3654183499154085,116952114.04434474,42736448.533203125,5230050.5
165,baseline_compensated,0.6088893854258759,121016145.74034241,73685446.60644531,11634500.0
165,physics_compensated,0.619571607334379,121182311.652973,75081119.61132812,12017592.0
165,ideal,0.6506310255737309,121605536.47959268,79120334.91516113,12780168.0
166,before,0.309141311291308,116461462.53245766,36003049.2421875,5709698.5
166,baseline_compensated,0.5424339660465765,120167867.66849378,65183133.05078125,10273582.0
166,physics_compensated,0.5225044949839108,119820870.44124916,62606943.3984375,9279960.0
166,ideal,0.6506310255737309,121605536.47959268,79120334.91516113,12780168.0
167,before,0.33386765551885483,117126065.50596695,39104604.890625,4206487.0
167,baseline_compensated,0.481509030388331,118978238.06268403,57289096.046875,6458923.0
167,physics_compensated,0.5005427704000406,119114139.94434884,59621721.6015625,6198555.0
167,ideal,0.6506310255737309,121605536.47959268,79120334.91516113,12780168.0
168,before,0.46063675025185724,118108918.3324163,54405308.31640625,7515408.5
168,baseline_compensated,0.6365497596561472,121403383.6624451,77279294.69177246,12375386.0
168,physics_compensated,0.626203261997544,121229874.40147758,75914542.80175781,11927025.0
168,ideal,0.6506310255737309,121605536.47959268,79120334.91516113,12780168.0
169,before,0.5201725813402986,119166232.48017833,61987006.7578125,5758385.5
169,baseline_compensated,0.5475520677868958,119804323.84291682,65599105.25,8111529.5
169,physics_compensated,0.5085993748470619,119280991.42889749,60666237.671875,6814911.5
169,ideal,0.6506310255737309,121605536.47959268,79120334.91516113,12780168.0
170,before,0.2750435932589496,116109202.21447793,31935092.1875,4905667.0
170,baseline_compensated,0.361096351086446,117219266.32685113,42327449.34765625,4619323.0
170,physics_compensated,0.3401524265632767,116934127.98118071,39775427.380859375,3702400.75
170,ideal,0.6506310255737309,121605536.47959268,79120334.91516113,12780168.0
171,before,0.400939997864323,117375276.59777817,47060443.1484375,6701557.0
171,baseline_compensated,0.5303799288804752,119989549.43051982,63640048.693359375,9891796.0
171,physics_compensated,0.5329858440185811,120023979.06453499,63971081.78417969,9957331.0
171,ideal,0.6506310255737309,121605536.47959268,79120334.91516113,12780168.0
172,before,0.4166716361609863,117397088.13313472,48916036.79296875,5538522.0
172,baseline_compensated,0.5078021679850451,119641403.64241189,60754164.150390625,8998538.0
172,physics_compensated,0.5277002848634293,119864159.26075602,63252350.986816406,9219609.0
172,ideal,0.6506310255737309,121605536.47959268,79120334.91516113,12780168.0
173,before,0.4153430389961725,117935062.2430954,48983507.15625,4296986.0
173,baseline_compensated,0.4477597688086157,118519721.28090592,53068363.0,5408618.0
173,physics_compensated,0.4656612892880905,118773573.24366824,55308255.25,5969703.0
173,ideal,0.6506310255737309,121605536.47959268,79120334.91516113,12780168.0
174,before,0.34045777363533747,116898347.71037847,39798951.203125,2926717.25
174,baseline_compensated,0.5695080959466918,120302073.22556815,68513004.66113281,9468976.0
174,physics_compensated,0.5571712845982921,120089631.50037596,66910494.25,8902489.0
174,ideal,0.6506310255737309,121605536.47959268,79120334.91516113,12780168.0
175,before,0.45086431743207767,117887348.02933742,53151198.703125,8191297.0
175,baseline_compensated,0.544323923024056,119997086.09787366,65317284.65625,9033535.0
175,physics_compensated,0.5515682234201168,120114767.11315686,66251488.703125,9345900.0
175,ideal,0.6506310255737309,121605536.47959268,79120334.91516113,12780168.0
176,before,0.46684071649866093,118055347.56334141,55113043.04296875,4700042.0
176,baseline_compensated,0.3132402126276526,116530651.02991703,36502085.90625,3768911.25
176,physics_compensated,0.34738109270791,116991638.81177922,40640683.328125,4748418.5
176,ideal,0.6506310255737309,121605536.47959268,79120334.91516113,12780168.0
177,before,0.2918133793461319,116410474.32579675,33970133.904296875,4812818.5
177,baseline_compensated,0.5601305224242482,120232106.48424412,67345672.6171875,9637162.0
177,physics_compensated,0.5406324349353583,119923377.8946819,64834467.796875,8873330.0
177,ideal,0.6506310255737309,121605536.47959268,79120334.91516113,12780168.0
178,before,0.27748409231374466,116451367.89728066,32313402.119670868,3835570.25
178,baseline_compensated,0.43970806461292017,118303224.29669681,52018881.79296875,4815090.0
178,physics_compensated,0.4308744013443077,118098276.42925543,50885524.15625,5677309.0
178,ideal,0.6506310255737309,121605536.47959268,79120334.91516113,12780168.0
179,before,0.2785511555197139,116210224.90210617,32370492.4296875,3842315.5
179,baseline_compensated,0.5282076738353569,119753547.51255149,63254742.76513672,8644845.0
179,physics_compensated,0.5347408354678868,119873408.80250958,64101206.7734375,8998499.0
179,ideal,0.6506310255737309,121605536.47959268,79120334.91516113,12780168.0
180,before,0.3259432015013145,117382906.93609373,38260160.48828125,5347969.0
180,baseline_compensated,0.49668416600273096,119187889.60659057,59198737.546875,6823646.0
180,physics_compensated,0.580214430182625,120480717.78493227,69904651.01757812,9982456.0
180,ideal,0.6506310255737309,121605536.47959268,79120334.91516113,12780168.0
181,before,0.19386427172339782,115318636.43448055,22356163.46850586,5105927.0
181,baseline_compensated,0.5825403263788017,120641270.40272424,70278405.03515625,10846153.0
181,physics_compensated,0.5867878559692239,120735698.52222788,70846241.67480469,11174201.0
181,ideal,0.6506310255737309,121605536.47959268,79120334.91516113,12780168.0
182,before,0.4533200654070346,118357575.82445535,53653864.014160156,5971537.0
182,baseline_compensated,0.5028902312354679,119474476.16491896,60082546.9453125,8318729.0
182,physics_compensated,0.5128175256356309,119535589.09176707,61299945.0234375,8117818.0
182,ideal,0.6506310255737309,121605536.47959268,79120334.91516113,12780168.0
183,before,0.19456749300624065,115405311.93428105,22454122.22265625,3896861.0
183,baseline_compensated,0.5487347323117533,120218405.40309377,65968014.5078125,10218795.0
183,physics_compensated,0.43220254583272993,118621273.05908206,51268416.20605469,7091424.5
183,ideal,0.6506310255737309,121605536.47959268,79120334.91516113,12780168.0
184,before,0.39126549833568236,117514784.61864623,45979480.765625,3760460.0
184,baseline_compensated,0.6324857062783447,121314762.96072343,76729853.53320312,12054497.0
184,physics_compensated,0.6208892670116981,121143840.83506045,75216910.5390625,11675071.0
184,ideal,0.6506310255737309,121605536.47959268,79120334.91516113,12780168.0
185,before,0.267637841576468,116174102.94096816,31092586.158203125,3776306.0
185,baseline_compensated,0.5300534714670628,119743065.43802203,63470227.51953125,8278725.0
185,physics_compensated,0.5401352489822504,119880931.27799244,64751916.6640625,8557178.0
185,ideal,0.6506310255737309,121605536.47959268,79120334.91516113,12780168.0
186,before,0.38624500744718615,117257673.8599633,45290191.11328125,4489794.5
186,baseline_compensated,0.6337962774010665,121358590.90540463,76916623.14648438,12264177.0
186,physics_compensated,0.6303594476277956,121321765.5970299,76476321.14697266,12232428.0
186,ideal,0.6506310255737309,121605536.47959268,79120334.91516113,12780168.0
187,before,0.2297036820084596,115685705.60494748,26573432.533203125,4004126.5
187,baseline_compensated,0.5351757780716949,119817084.77602062,64123201.57128906,8440727.0
187,physics_compensated,0.5458309033749832,119985146.51536702,65491600.9140625,8864948.0
187,ideal,0.6506310255737309,121605536.47959268,79120334.91516113,12780168.0
188,before,0.44577160027910046,118088983.55754957,52640715.17578125,4604627.5
188,baseline_compensated,0.5358222668066664,119870773.0911588,64229429.361572266,8783875.0
188,physics_compensated,0.571296321519175,120447999.43527934,68811499.01171875,10287024.0
188,ideal,0.6506310255737309,121605536.47959268,79120334.91516113,12780168.0
189,before,0.27953342687316324,116150514.10978357,32467951.2421875,4238427.5
189,baseline_compensated,0.5815330938280081,120527512.47116429,70090737.21875,10264463.0
189,physics_compensated,0.5614946319310375,120205133.04887596,67494536.9375,9450615.0
189,ideal,0.6506310255737309,121605536.47959268,79120334.91516113,12780168.0
190,before,0.2920403085641898,116251032.44028212,33949987.384765625,5432052.0
190,baseline_compensated,0.3969128648929553,117741042.54424281,46732934.51171875,4815712.5
190,physics_compensated,0.4274704771008642,118077063.39703608,50474458.625,4688042.0
190,ideal,0.6506310255737309,121605536.47959268,79120334.91516113,12780168.0
191,before,0.4055465682352773,117320228.31212744,47578815.9765625,5160531.0
191,baseline_compensated,0.5288696215265082,119720956.20120296,63316776.794921875,8212713.5
191,physics_compensated,0.5486215494531531,120021857.08665395,65846577.203125,8933145.0
191,ideal,0.6506310255737309,121605536.47959268,79120334.91516113,12780168.0
192,before,0.3430671576785107,116748089.15083694,40052435.109375,3638660.0
192,baseline_compensated,0.5898542223320833,120559639.73252134,71112612.5390625,9957149.0
192,physics_compensated,0.6269261314005666,121206176.74761307,75987319.49023438,11747381.0
192,ideal,0.6506310255737309,121605536.47959268,79120334.91516113,12780168.0
193,before,0.45992091987145267,118528114.87730646,54513559.625,4914859.5
193,baseline_compensated,0.5270406064220312,119634508.96942939,63052244.15625,7815750.0
193,physics_compensated,0.5134253544397457,119479345.35726243,61343725.23828125,7606425.5
193,ideal,0.6506310255737309,121605536.47959268,79120334.91516113,12780168.0
194,before,0.3051389152673157,116360398.86790591,35506085.890625,6123288.0
194,baseline_compensated,0.5324214779832803,119972299.82511581,63875829.189941406,9631379.0
194,physics_compensated,0.535885414529155,120028220.97091411,64321372.95019531,9771894.0
194,ideal,0.6506310255737309,121605536.47959268,79120334.91516113,12780168.0
195,before,0.3289821208838505,116582518.13556688,38353564.07421875,4333329.5
195,baseline_compensated,0.6252261684365417,121220434.14572927,75790187.57714844,11906134.0
195,physics_compensated,0.6241302144383009,121102282.11385432,75583593.3046875,11261174.0
195,ideal,0.6506310255737309,121605536.47959268,79120334.91516113,12780168.0
196,before,0.3284449601892778,116684790.49001591,38324531.3671875,3889813.5
196,baseline_compensated,0.5632682512936895,120221578.0693224,67716998.046875,9430956.0
196,physics_compensated,0.5794818975069004,120435522.54033129,69790205.12890625,9777489.0
196,ideal,0.6506310255737309,121605536.47959268,79120334.91516113,12780168.0
197,before,0.3437222574961387,116729978.29272294,40122691.65625,3868087.75
197,baseline_compensated,0.4499404575021071,118395067.94921422,53270731.0390625,5110749.0
197,physics_compensated,0.38156640024183924,117610304.79719837,44876140.6328125,3698180.25
197,ideal,0.6506310255737309,121605536.47959268,79120334.91516113,12780168.0
198,before,0.28566152478306417,116225107.56576647,33201041.4453125,4437131.5
198,baseline_compensated,0.2785711068321502,116187082.26778011,32366364.106933594,4139668.5
198,physics_compensated,0.4396605651939414,118301512.25694744,52012509.7421875,6678955.0
198,ideal,0.6506310255737309,121605536.47959268,79120334.91516113,12780168.0
199,before,0.3966184007347537,117188540.26462117,46479131.424194336,4675056.0
199,baseline_compensated,0.5980200970795705,120826121.5146998,72256448.91796875,11114319.0
199,physics_compensated,0.602290773965952,120880394.82530138,72805146.55664062,11188971.0
199,ideal,0.6506310255737309,121605536.47959268,79120334.91516113,12780168.0
200,before,0.486432066894771,119058424.91150136,57913835.7109375,8276952.0
200,baseline_compensated,0.5364486077484841,120108112.32625633,64431829.63671875,10245691.0
200,physics_compensated,0.5454185235372302,120233221.7609262,65577426.29296875,10496474.0
200,ideal,0.6506310255737309,121605536.47959268,79120334.91516113,12780168.0
201,before,0.3179931794939004,116513459.63879609,37050485.484375,3501656.5
201,baseline_compensated,0.536095462936634,119579334.74973236,64105938.8203125,7447363.5
201,physics_compensated,0.5782932357787288,120466989.27307853,69665245.03125,10034145.0
201,ideal,0.6506310255737309,121605536.47959268,79120334.91516113,12780168.0
202,before,0.42097291712777096,118261961.82491487,49785083.0546875,5900168.0
202,baseline_compensated,0.6288490450357751,121213113.05527797,76224750.390625,11665325.0
202,physics_compensated,0.6116779242664767,121024111.92320994,74027777.56738281,11517922.0
202,ideal,0.6506310255737309,121605536.47959268,79120334.91516113,12780168.0
203,before,0.281595965864272,116112484.1241669,32696807.115844727,3687159.0
203,baseline_compensated,0.46423167859302716,118638801.8411875,55075890.125,5275203.0
203,physics_compensated,0.4347037921237075,118238894.07037702,51398895.62890625,4483353.5
203,ideal,0.6506310255737309,121605536.47959268,79120334.91516113,12780168.0
204,before,0.32732801465223427,116686095.89680645,38194628.107421875,4033907.0
204,baseline_compensated,0.5260809070188927,119674319.1090359,62958374.34375,8109534.0
204,physics_compensated,0.5242278067890773,119650239.18310946,62723982.46875,8075508.5
204,ideal,0.6506310255737309,121605536.47959268,79120334.91516113,12780168.0
205,before,0.326279550818002,116612832.56794146,38048382.62988281,4329719.5
205,baseline_compensated,0.5964361764129877,120778483.57351625,72036656.93554688,10864113.0
205,physics_compensated,0.5916331676410329,120750919.95625356,71440249.26928711,10985261.0
205,ideal,0.6506310255737309,121605536.47959268,79120334.91516113,12780168.0
206,before,0.3616570236749478,116944752.50399989,42293891.125,6271719.5
206,baseline_compensated,0.5694449622462645,120316648.02773386,68513709.09375,9671374.0
206,physics_compensated,0.5596241271284211,120158161.96641868,67243406.5078125,9278851.0
206,ideal,0.6506310255737309,121605536.47959268,79120334.91516113,12780168.0
207,before,0.3711270377844477,117066834.3130534,43446667.44140625,3706880.5
207,baseline_compensated,0.5238576786722933,119506991.41060409,62604655.10546875,9122162.0
207,physics_compensated,0.5085486947362812,119179999.36784324,60608833.1171875,6115121.5
207,ideal,0.6506310255737309,121605536.47959268,79120334.91516113,12780168.0
208,before,0.28734622538370164,116431622.77714801,33456187.3203125,3389741.75
208,baseline_compensated,0.5298109388949918,119673597.29784518,63404380.9453125,8041535.0
208,physics_compensated,0.4494063242965584,118417962.46088547,53217781.240234375,4994171.0
208,ideal,0.6506310255737309,121605536.47959268,79120334.91516113,12780168.0
209,before,0.30630109256179017,116353271.51276979,35639134.1875,3722386.5
209,baseline_compensated,0.5419592448963775,119843930.98093987,64950526.33984375,8372240.5
209,physics_compensated,0.5156776590393451,119301877.15534677,61521312.73046875,6912242.0
209,ideal,0.6506310255737309,121605536.47959268,79120334.91516113,12780168.0
210,before,0.3078858292247843,116531889.67713243,35878517.484375,2532835.75
210,baseline_compensated,0.5371112901984826,119794294.22515103,64342867.9296875,8310401.0
210,physics_compensated,0.5671054571434214,120235066.09945339,68185962.125,9217638.0
210,ideal,0.6506310255737309,121605536.47959268,79120334.91516113,12780168.0
211,before,0.423082890742464,117490281.03024817,49708127.732421875,3768840.75
211,baseline_compensated,0.43602145492059174,118157441.85099581,51519179.705566406,4065228.5
211,physics_compensated,0.4161939441531966,117945190.77037843,49088074.140625,4074126.0
211,ideal,0.6506310255737309,121605536.47959268,79120334.91516113,12780168.0
212,before,0.42003110451419906,117524982.77791236,49364148.32421875,7028735.5
212,baseline_compensated,0.5327568337269626,119957575.39100458,63908218.046875,9491424.0
212,physics_compensated,0.5441469672142512,120156288.44527791,65382679.94921875,10067597.0
212,ideal,0.6506310255737309,121605536.47959268,79120334.91516113,12780168.0
213,before,0.41645105330396714,117924324.70696594,49109709.234375,5835244.0
213,baseline_compensated,0.413242094385242,117730019.4949899,48650999.828125,6731686.0
213,physics_compensated,0.4262579914610709,118277285.6847418,50416638.23144531,5332171.0
213,ideal,0.6506310255737309,121605536.47959268,79120334.91516113,12780168.0
214,before,0.26459263823470547,116261501.7923809,30761937.484375,3991400.25
214,baseline_compensated,0.6298531084079355,121279700.32475227,76388396.23632812,12005719.0
214,physics_compensated,0.5972408103698524,120772771.95884252,72130428.1953125,10783596.0
214,ideal,0.6506310255737309,121605536.47959268,79120334.91516113,12780168.0
215,before,0.5464233986864657,119244833.35774566,65158167.119140625,9935544.0
215,baseline_compensated,0.6200554915862481,121069252.27971998,75069654.73828125,11289900.0
215,physics_compensated,0.6183124679337392,121073613.99877939,74861325.07324219,11417012.0
215,ideal,0.6506310255737309,121605536.47959268,79120334.91516113,12780168.0
216,before,0.35687122793395765,117079353.02702785,41782252.48046875,5217526.0
216,baseline_compensated,0.6240296712941411,121177680.29306014,75618468.00146484,11696692.0
216,physics_compensated,0.615238542032333,121065482.4954116,74484150.94091797,11533015.0
216,ideal,0.6506310255737309,121605536.47959268,79120334.91516113,12780168.0
217,before,0.2668498212416819,116298658.63567825,31034276.267578125,4394339.0
217,baseline_compensated,0.4502838442345186,118513449.80888075,53364691.7734375,5416571.0
217,physics_compensated,0.4827946439040089,118991356.25077918,57448389.46875,6490940.5
217,ideal,0.6506310255737309,121605536.47959268,79120334.91516113,12780168.0
218,before,0.21040836017602155,115700008.39651431,24344249.0390625,4276636.0
218,baseline_compensated,0.5694425480692412,120375319.38237792,68546828.59375,10022760.0
218,physics_compensated,0.553622331657778,120129670.12905112,66506468.078125,9432673.0
218,ideal,0.6506310255737309,121605536.47959268,79120334.91516113,12780168.0
219,before,0.320384324114725,116539015.08820798,37337273.58203125,7155348.0
219,baseline_compensated,0.597170449192789,120872125.78579521,72181261.65039062,11427214.0
219,physics_compensated,0.599529265259609,120881086.41400182,72471748.92156982,11348827.0
219,ideal,0.6506310255737309,121605536.47959268,79120334.91516113,12780168.0
220,before,0.31649986384667683,116426192.93128143,36848874.2109375,6650607.5
220,baseline_compensated,0.5583833536340354,120409534.27652416,67234679.55883789,10827594.0
220,physics_compensated,0.5524428710811673,120317988.19792816,66468814.84277344,10604578.0
220,ideal,0.6506310255737309,121605536.47959268,79120334.91516113,12780168.0
221,before,0.1906701026212612,115369931.64956921,21997596.70703125,4245916.0
221,baseline_compensated,0.548193978284363,120264507.35509476,65928278.73339844,10546943.0
221,physics_compensated,0.5505504968981533,120317608.79665087,66240919.30859375,10721810.0
221,ideal,0.6506310255737309,121605536.47959268,79120334.91516113,12780168.0
222,before,0.376765081016945,117147203.91365685,44136975.7734375,4396728.0
222,baseline_compensated,0.3586540390072536,117248444.19575748,42051628.078125,3821577.75
222,physics_compensated,0.41371349641354793,117909748.34729266,48780854.25,4906024.0
222,ideal,0.6506310255737309,121605536.47959268,79120334.91516113,12780168.0
223,before,0.4626801455132739,117978515.16179651,54586316.5625,4444603.0
223,baseline_compensated,0.5146569237752394,119191505.8297327,61342733.73046875,6776460.5
223,physics_compensated,0.5010669206335789,118981758.81495476,59617823.50097656,5414702.0
223,ideal,0.6506310255737309,121605536.47959268,79120334.91516113,12780168.0
224,before,0.35104914146086175,117052170.61350146,41091064.0,4737386.0
224,baseline_compensated,0.539980555277895,119731306.75165427,64652577.50390625,7748587.0
224,physics_compensated,0.5220634047444245,119357374.67895268,62312117.40625,6524734.5
224,ideal,0.6506310255737309,121605536.47959268,79120334.91516113,12780168.0
225,before,0.38546098046255395,117134290.23397925,45150698.359375,7829033.5
225,baseline_compensated,0.6190783064895854,121106652.10509202,74974501.08984375,11547718.0
225,physics_compensated,0.6096078804324102,120925182.97433661,73716944.48388672,10983704.0
225,ideal,0.6506310255737309,121605536.47959268,79120334.91516113,12780168.0
226,before,0.3775986343778212,117054755.69523233,44199715.89794922,3812764.0
226,baseline_compensated,0.47705647095864856,118984283.66720653,56762222.46582031,6681793.5
226,physics_compensated,0.4883001415795324,119230645.2597143,58220340.9609375,7565783.5
226,ideal,0.6506310255737309,121605536.47959268,79120334.91516113,12780168.0
227,before,0.43011517955152245,118109106.49525154,50800519.546875,5251649.0
227,baseline_compensated,0.6017568986204992,120835457.18978325,72713569.96191406,10882299.0
227,physics_compensated,0.5932739009741662,120651584.05192699,71579435.92919922,10239330.0
227,ideal,0.6506310255737309,121605536.47959268,79120334.91516113,12780168.0
228,before,0.443017153206065,118270319.14785674,52395780.09765625,5823463.5
228,baseline_compensated,0.49169694995448354,119010518.37692797,58517108.8984375,6162590.5
228,physics_compensated,0.49977759226636037,119203800.70993926,59575388.5078125,6898206.0
228,ideal,0.6506310255737309,121605536.47959268,79120334.91516113,12780168.0
229,before,0.3691111907290123,116947436.05509192,43166607.375,6318347.5
229,baseline_compensated,0.5760781632520668,120454078.1242367,69390964.08203125,10048437.0
229,physics_compensated,0.5964131614031916,120762426.20984156,72024300.39453125,10762343.0
229,ideal,0.6506310255737309,121605536.47959268,79120334.91516113,12780168.0
230,before,0.5054329678235179,118505951.9948025,59896815.021484375,8106501.5
230,baseline_compensated,0.5991234913248209,120774110.039895,72358606.46875,10723776.0
230,physics_compensated,0.5924809883945135,120686783.02395576,71504624.4921875,10587925.0
230,ideal,0.6506310255737309,121605536.47959268,79120334.91516113,12780168.0
231,before,0.392929239904166,117283196.93772154,46083997.42626953,3997636.0
231,baseline_compensated,0.4408767907739283,118212024.39308468,52116937.9453125,4601465.0
231,physics_compensated,0.42757793458826765,118068787.30413553,50483608.21484375,4663282.0
231,ideal,0.6506310255737309,121605536.47959268,79120334.91516113,12780168.0
232,before,0.4649066125776924,118201069.7602826,54952458.9453125,6344099.0
232,baseline_compensated,0.5302111189685719,119776843.0360296,63507013.97265625,8485801.0
232,physics_compensated,0.5211772200079995,119663373.661876,62365824.421875,8303083.0
232,ideal,0.6506310255737309,121605536.47959268,79120334.91516113,12780168.0
233,before,0.4830026929376932,118305761.72642064,57142001.50390625,6615196.5
233,baseline_compensated,0.34794865612791687,117112334.97430684,40749079.5703125,4290074.5
233,physics_compensated,0.3955104439647789,118008739.93900499,46673689.125,5367973.0
233,ideal,0.6506310255737309,121605536.47959268,79120334.91516113,12780168.0
234,before,0.42207388477662244,117796860.41822775,49718978.49121094,6845604.5
234,baseline_compensated,0.5472139984921891,120042960.14345318,65689188.2109375,9244554.0
234,physics_compensated,0.5384049531965107,119926802.56401259,64569184.521484375,9044551.0
234,ideal,0.6506310255737309,121605536.47959268,79120334.91516113,12780168.0
235,before,0.47813237562866184,118299182.68059096,56562669.25,7115284.0
235,baseline_compensated,0.6132140302346734,121050818.38501106,74230060.20507812,11589598.0
235,physics_compensated,0.6159198809118356,121061663.03028047,74564285.07659912,11511066.0
235,ideal,0.6506310255737309,121605536.47959268,79120334.91516113,12780168.0
236,before,0.2381511039683095,115779727.1088616,27573069.828125,2984255.0
236,baseline_compensated,0.5704034646028066,120392707.62632543,68672417.54296875,10059117.0
236,physics_compensated,0.6129823254662874,120948221.07637382,74139121.81640625,10938082.0
236,ideal,0.6506310255737309,121605536.47959268,79120334.91516113,12780168.0
237,before,0.33553482965945014,116883557.7180197,39218504.62890625,4894281.0
237,baseline_compensated,0.5502853316978623,120173150.15982261,66129521.796875,9868884.0
237,physics_compensated,0.5584126263313074,120315352.09958681,67185611.75390625,10261518.0
237,ideal,0.6506310255737309,121605536.47959268,79120334.91516113,12780168.0
238,before,0.33381025458284697,116595452.09452341,38920757.546875,3946400.5
238,baseline_compensated,0.514147521220082,119360867.47047803,61369094.140625,6894656.5
238,physics_compensated,0.5491169349759593,120032758.73316729,65912020.572265625,8974771.0
238,ideal,0.6506310255737309,121605536.47959268,79120334.91516113,12780168.0
239,before,0.3627595472045935,117229506.90465385,42526122.84375,4681356.5
239,baseline_compensated,0.5770790325909148,120468211.67398578,69519679.05078125,10101793.0
239,physics_compensated,0.47778436856082085,118691810.35554026,56709091.6640625,5696736.5
239,ideal,0.6506310255737309,121605536.47959268,79120334.91516113,12780168.0
240,before,0.29657683869237245,116359728.42115787,34509600.40625,2850822.75
240,baseline_compensated,0.3824336548203241,117712587.43532944,45017255.03125,4099721.75
240,physics_compensated,0.4292943520486964,118258672.28738016,50767780.09375,4894080.5
240,ideal,0.6506310255737309,121605536.47959268,79120334.91516113,12780168.0
241,before,0.32774700782426414,116886671.00451672,38309256.67626953,5037447.0
241,baseline_compensated,0.5458398534100446,120011820.08955666,65507234.28515625,9051341.0
241,physics_compensated,0.5312679900665829,119820824.39955959,63656968.546875,8734544.0
241,ideal,0.6506310255737309,121605536.47959268,79120334.91516113,12780168.0
242,before,0.3268232632048318,116569456.9847686,38097610.321777344,6542064.0
242,baseline_compensated,0.5478630898790223,120279398.76939851,65896643.05859375,10642783.0
242,physics_compensated,0.5522202774689778,120325726.14361903,66446305.87768555,10666898.0
242,ideal,0.6506310255737309,121605536.47959268,79120334.91516113,12780168.0
243,before,0.23408196983838228,115886296.34675547,27126892.526123047,6707464.0
243,baseline_compensated,0.6228188428677819,121178655.63366275,75472350.08203125,11805385.0
243,physics_compensated,0.6289940435563113,121267490.16098198,76276528.98828125,11977779.0
243,ideal,0.6506310255737309,121605536.47959268,79120334.91516113,12780168.0
244,before,0.223337456402571,115677584.49709645,25835137.484375,4966024.0
244,baseline_compensated,0.4997360550631906,119645097.13051584,59790968.84765625,9555217.0
244,physics_compensated,0.49896182816765083,119703224.46927074,59727339.71875,9937776.0
244,ideal,0.6506310255737309,121605536.47959268,79120334.91516113,12780168.0
245,before,0.4370922321508918,117651966.43267566,51424760.625,4504853.0
245,baseline_compensated,0.35726784171008047,117250700.60499285,41889904.744140625,3602269.25
245,physics_compensated,0.40371228518600083,117857175.44631684,47580389.625,3826826.25
245,ideal,0.6506310255737309,121605536.47959268,79120334.91516113,12780168.0
246,before,0.3993760950603839,117308906.38843864,46850372.94921875,5374886.5
246,baseline_compensated,0.5514818298669477,120165439.54016271,66269056.484375,9741060.0
246,physics_compensated,0.5299771775059576,119908326.3665125,63548676.3671875,9398512.0
246,ideal,0.6506310255737309,121605536.47959268,79120334.91516113,12780168.0
247,before,0.3704693898837611,117330203.39636113,43467248.8671875,4064915.0
247,baseline_compensated,0.3654578737591566,117253666.27782425,42851275.568359375,2592247.0
247,physics_compensated,0.4012367408812478,117753046.58018671,47246848.638671875,3519241.25
247,ideal,0.6506310255737309,121605536.47959268,79120334.91516113,12780168.0
248,before,0.37355931800770986,117659353.84741658,43952747.98046875,4456435.5
248,baseline_compensated,0.4776412207998503,118936872.62571436,56809153.0390625,6555476.5
248,physics_compensated,0.4684503061866345,118783726.46229172,55644273.03125,6132197.5
248,ideal,0.6506310255737309,121605536.47959268,79120334.91516113,12780168.0
249,before,0.3464631426656869,117036751.49536951,40548920.73046875,4528781.0
249,baseline_compensated,0.48780709025461005,119104524.2892273,58100031.4296875,6839942.5
249,physics_compensated,0.48886724361697703,119126816.5851424,58237198.46484375,6891878.5
249,ideal,0.6506310255737309,121605536.47959268,79120334.91516113,12780168.0
250,before,0.31677058885418014,116462967.33428782,36892042.7421875,3149177.25
250,baseline_compensated,0.5681307766243151,120318832.70150024,68356831.86523438,9647268.0
250,physics_compensated,0.5447357579404098,119946043.33514784,65338898.828125,8698414.0
250,ideal,0.6506310255737309,121605536.47959268,79120334.91516113,12780168.0
251,before,0.29394359811500964,116532929.4122272,34254108.5703125,3010575.0
251,baseline_compensated,0.5541116990370915,120078490.36236666,66536896.3125,9008730.0
251,physics_compensated,0.5487206423110513,120027309.69143191,65861462.46875,8978799.0
251,ideal,0.6506310255737309,121605536.47959268,79120334.91516113,12780168.0
252,before,0.3663841571532546,117561591.4731048,43072704.60546875,4333798.0
252,baseline_compensated,0.6191468346185982,121108758.68747452,74984104.5859375,11583885.0
252,physics_compensated,0.6113263657646218,120925970.00469398,73925233.76953125,10927928.0
252,ideal,0.6506310255737309,121605536.47959268,79120334.91516113,12780168.0
253,before,0.3999679862370817,117225082.88963865,46886280.33984375,4830879.0
253,baseline_compensated,0.5324598892218019,119707271.53950454,63739320.54296875,8084459.5
253,physics_compensated,0.5174398684769815,119492438.14271924,61830151.4765625,7663721.5
253,ideal,0.6506310255737309,121605536.47959268,79120334.91516113,12780168.0
254,before,0.3336800707767047,116749786.93599723,38957077.16796875,3993959.25
254,baseline_compensated,0.603093317069911,120870601.1231226,72896251.76757812,11059977.0
254,physics_compensated,0.6188032139438703,121188076.88444826,74991571.46777344,12094005.0
254,ideal,0.6506310255737309,121605536.47959268,79120334.91516113,12780168.0
255,before,0.3748134326026354,117361924.6318754,43988825.828125,3554182.75
255,baseline_compensated,0.496681693436246,119198764.93384582,59203844.42285156,6856621.5
255,physics_compensated,0.5522111490680829,120077730.23512381,66308261.390625,9089440.0
255,ideal,0.6506310255737309,121605536.47959268,79120334.91516113,12780168.0
